subject,product,dwell_s,bought
S01,1,1.6166666666666667,0
S01,2,1.7416666666666667,0
S01,3,1.5583333333333333,0
S01,4,18.525000000000002,1
S01,5,3.3083333333333336,0
S01,6,8.333333333333334,0
S01,7,1.1500000000000001,0
S01,8,3.7,1
S01,9,1.8916666666666666,0
S01,10,0.9416666666666667,0
S01,11,1.3,0
S01,12,0.6416666666666666,0
S01,13,2.5,0
S01,14,2.9166666666666665,0
S01,15,2.1416666666666666,0
S01,16,5.716666666666667,1
S01,17,0.8666666666666667,0
S01,18,0.7916666666666667,0
S01,19,1.5083333333333333,0
S01,20,3.1083333333333334,0
S01,21,1.8250000000000002,0
S01,22,1.6416666666666666,0
S01,23,1.4583333333333335,0
S01,24,2.475,1
S01,25,1.375,0
S01,26,1.2416666666666667,0
S01,27,0.6083333333333334,0
S01,28,0.8583333333333334,0
S01,29,1.4583333333333335,0
S01,30,3.5583333333333336,0
S01,31,3.0166666666666666,0
S01,32,2.3,0
S01,33,2.6,0
S01,34,2.9000000000000004,1
S01,35,1.0166666666666666,0
S01,36,1.1,0
S01,37,2.091666666666667,0
S01,38,1.325,0
S01,39,1.025,0
S01,40,2.05,0
S01,41,1.2166666666666668,0
S01,42,0.9916666666666667,0
S01,43,1.45,0
S01,44,0.2833333333333333,0
S01,45,0.38333333333333336,0
S01,46,0.7,0
S01,47,1.0583333333333333,0
S01,48,0.5416666666666666,0
S01,49,3.2416666666666667,1
S01,50,1.3833333333333333,0
S01,51,0.8166666666666667,0
S01,52,0.9333333333333333,0
S01,53,0.8416666666666667,0
S01,54,0.7416666666666667,0
S01,55,0.85,0
S01,56,1.0083333333333333,0
S01,57,0.85,0
S01,58,1.2833333333333332,0
S01,59,3.6416666666666666,1
S01,60,1.2666666666666666,0
S01,61,3.8666666666666663,1
S01,62,0.5166666666666667,0
S01,63,0.4,0
S01,64,1.65,0
S01,65,2.6333333333333333,1
S01,66,0.325,0
S01,67,1.6083333333333332,0
S01,68,0.55,0
S01,69,0.675,0
S01,70,3.6333333333333333,1
S01,71,0.44166666666666665,0
S01,72,1.025,0
S01,73,0.30833333333333335,0
S01,74,0.09166666666666666,0
S01,75,0.16666666666666666,0
S01,76,0.48333333333333334,0
S01,77,0.525,0
S01,78,0.225,0
S01,79,0.4083333333333333,0
S01,80,0.24166666666666667,0
S01,81,0.6833333333333333,0
S01,82,0.3416666666666667,0
S01,83,0.016666666666666666,0
S01,84,0.2833333333333333,0
S01,85,0.2,0
S01,86,0.5,0
S01,87,0.25,0
S01,88,1.825,0
S01,89,0.25,0
S01,90,0.0,0
S01,91,0.7916666666666667,0
S01,92,0.23333333333333334,0
S01,93,0.0,0
S01,94,1.1,0
S01,95,0.325,0
S01,96,0.125,0
S01,97,0.0,0
S01,98,0.0,0
S01,99,0.175,0
S01,100,0.0,0
S01,101,0.7583333333333333,0
S01,102,1.7083333333333335,0
S01,103,0.2,0
S01,104,0.025,0
S01,105,0.6166666666666667,0
S01,106,0.4583333333333333,0
S01,107,0.2,0
S01,108,0.0,0
S01,109,0.016666666666666666,0
S01,110,0.20833333333333334,0
S01,111,1.2083333333333333,0
S01,112,0.75,0
S01,113,0.775,0
S01,114,4.258333333333333,1
S01,115,0.8916666666666666,0
S01,116,0.41666666666666663,0
S01,117,0.35,0
S01,118,0.24166666666666667,0
S01,119,0.008333333333333333,0
S01,120,0.025,0
S01,121,0.30833333333333335,0
S01,122,0.008333333333333333,0
S01,123,0.24166666666666667,0
S01,124,0.0,0
S01,125,0.48333333333333334,0
S01,126,0.325,0
S01,127,0.26666666666666666,0
S01,128,0.5083333333333333,0
S01,129,0.18333333333333332,0
S01,130,0.15833333333333333,0
S01,131,0.016666666666666666,0
S01,132,0.4916666666666667,0
S01,133,0.44166666666666665,0
S01,134,0.016666666666666666,0
S01,135,0.39166666666666666,0
S01,136,0.8916666666666666,0
S01,137,0.8166666666666667,0
S01,138,0.975,0
S01,139,1.0916666666666668,0
S01,140,0.4083333333333333,0
S01,141,0.6083333333333333,0
S01,142,2.0833333333333335,1
S01,143,0.4083333333333333,0
S01,144,0.4166666666666667,0
S02,1,2.783333333333333,0
S02,2,2.4916666666666667,0
S02,3,2.3833333333333333,0
S02,4,1.6083333333333334,0
S02,5,4.666666666666666,0
S02,6,5.408333333333333,1
S02,7,2.35,0
S02,8,2.7666666666666666,0
S02,9,4.658333333333333,1
S02,10,1.8833333333333333,0
S02,11,3.1833333333333336,0
S02,12,1.0083333333333333,0
S02,13,2.5666666666666664,0
S02,14,3.4166666666666665,0
S02,15,1.4166666666666667,0
S02,16,1.7333333333333332,0
S02,17,1.45,0
S02,18,0.5333333333333333,0
S02,19,3.3916666666666666,0
S02,20,0.05,0
S02,21,1.2,0
S02,22,1.2333333333333334,0
S02,23,6.016666666666667,1
S02,24,0.9166666666666666,0
S02,25,1.7666666666666666,0
S02,26,1.1833333333333333,0
S02,27,0.5833333333333334,0
S02,28,0.016666666666666666,0
S02,29,0.6833333333333333,0
S02,30,2.591666666666667,0
S02,31,1.6416666666666666,0
S02,32,1.3083333333333333,0
S02,33,1.2333333333333334,0
S02,34,3.3916666666666666,1
S02,35,1.7166666666666666,0
S02,36,0.041666666666666664,0
S02,37,0.8333333333333334,0
S02,38,1.325,0
S02,39,0.9333333333333333,0
S02,40,0.8916666666666667,0
S02,41,1.2,0
S02,42,0.6916666666666667,0
S02,43,0.05,0
S02,44,0.03333333333333333,0
S02,45,0.875,0
S02,46,1.35,0
S02,47,5.258333333333334,1
S02,48,2.2416666666666667,0
S02,49,1.5166666666666666,0
S02,50,2.5,1
S02,51,0.4666666666666667,0
S02,52,0.625,0
S02,53,0.275,0
S02,54,1.1666666666666667,0
S02,55,2.5416666666666665,0
S02,56,2.6,0
S02,57,0.975,0
S02,58,3.566666666666667,0
S02,59,7.025,1
S02,60,1.5166666666666666,0
S02,61,1.35,0
S02,62,1.0583333333333333,0
S02,63,0.6833333333333333,0
S02,64,0.23333333333333334,0
S02,65,0.35833333333333334,0
S02,66,0.025,0
S02,67,1.0916666666666666,0
S02,68,2.533333333333333,0
S02,69,1.5666666666666667,0
S02,70,0.008333333333333333,0
S02,71,0.13333333333333333,0
S02,72,5.275,1
S02,73,1.3083333333333333,0
S02,74,0.6666666666666666,0
S02,75,1.4166666666666667,0
S02,76,0.775,0
S02,77,1.0166666666666666,0
S02,78,1.2416666666666667,0
S02,79,0.4583333333333333,0
S02,80,0.008333333333333333,0
S02,81,0.025,0
S02,82,0.6083333333333333,0
S02,83,1.475,0
S02,84,1.6083333333333334,0
S02,85,5.433333333333334,1
S02,86,1.0416666666666667,0
S02,87,2.275,0
S02,88,4.016666666666667,1
S02,89,1.125,0
S02,90,0.7,0
S02,91,0.625,0
S02,92,0.4166666666666667,0
S02,93,0.9666666666666667,0
S02,94,1.025,0
S02,95,0.35833333333333334,0
S02,96,0.75,0
S02,97,0.875,0
S02,98,2.533333333333333,1
S02,99,0.8666666666666667,0
S02,100,1.3916666666666666,0
S02,101,0.5583333333333333,0
S02,102,0.016666666666666666,0
S02,103,3.9833333333333334,1
S02,104,2.825,0
S02,105,0.49166666666666664,0
S02,106,0.925,0
S02,107,0.6333333333333333,0
S02,108,0.5833333333333334,0
S02,109,1.0666666666666667,0
S02,110,0.05,0
S02,111,4.25,1
S02,112,1.4,0
S02,113,0.49166666666666664,0
S02,114,2.55,0
S02,115,0.39166666666666666,0
S02,116,0.8333333333333334,0
S02,117,0.3,0
S02,118,0.425,0
S02,119,0.0,0
S02,120,0.008333333333333333,0
S02,121,0.775,0
S02,122,0.008333333333333333,0
S02,123,0.0,0
S02,124,1.1333333333333333,0
S02,125,0.45,0
S02,126,0.4583333333333333,0
S02,127,0.0,0
S02,128,0.925,0
S02,129,0.4083333333333333,0
S02,130,0.6,0
S02,131,0.6333333333333333,0
S02,132,0.4666666666666667,0
S02,133,0.8666666666666667,0
S02,134,0.0,0
S02,135,0.8083333333333333,0
S02,136,3.475,1
S02,137,1.0333333333333334,0
S02,138,2.2916666666666665,0
S02,139,1.5416666666666667,0
S02,140,2.175,0
S02,141,6.916666666666667,1
S02,142,0.7833333333333333,0
S02,143,0.49166666666666664,0
S02,144,0.5833333333333334,0
S03,1,2.3,0
S03,2,1.5,0
S03,3,1.025,0
S03,4,0.9916666666666667,0
S03,5,0.5583333333333333,0
S03,6,0.8666666666666667,0
S03,7,0.9666666666666667,0
S03,8,1.45,1
S03,9,1.1333333333333333,0
S03,10,1.4,0
S03,11,0.26666666666666666,0
S03,12,0.6416666666666667,0
S03,13,0.7416666666666667,0
S03,14,0.95,0
S03,15,0.7166666666666667,0
S03,16,2.55,1
S03,17,0.7666666666666667,0
S03,18,0.5666666666666667,0
S03,19,0.39166666666666666,0
S03,20,0.9,0
S03,21,1.0916666666666666,0
S03,22,0.8,0
S03,23,2.1,1
S03,24,0.9916666666666667,0
S03,25,1.05,0
S03,26,0.7833333333333333,0
S03,27,2.3833333333333333,1
S03,28,0.475,0
S03,29,0.65,0
S03,30,1.15,0
S03,31,0.65,0
S03,32,0.575,0
S03,33,0.44166666666666665,0
S03,34,2.2,1
S03,35,1.1833333333333333,0
S03,36,1.8583333333333334,1
S03,37,0.6833333333333333,0
S03,38,0.5666666666666667,0
S03,39,1.1333333333333333,0
S03,40,0.725,0
S03,41,1.175,0
S03,42,0.875,0
S03,43,0.6833333333333333,0
S03,44,0.9083333333333333,0
S03,45,0.36666666666666664,0
S03,46,0.5333333333333333,0
S03,47,0.4,0
S03,48,0.425,0
S03,49,1.9666666666666666,0
S03,50,1.0333333333333334,0
S03,51,2.433333333333333,1
S03,52,1.0916666666666666,1
S03,53,1.4833333333333334,0
S03,54,0.5416666666666666,0
S03,55,1.4833333333333334,0
S03,56,0.8166666666666667,0
S03,57,1.2,0
S03,58,0.6666666666666666,0
S03,59,2.433333333333333,1
S03,60,1.4916666666666667,0
S03,61,0.825,0
S03,62,0.8583333333333333,0
S03,63,1.1083333333333334,0
S03,64,2.408333333333333,0
S03,65,0.6166666666666667,0
S03,66,0.5083333333333333,0
S03,67,0.75,0
S03,68,0.8416666666666667,0
S03,69,0.31666666666666665,0
S03,70,0.25,0
S03,71,0.8166666666666667,0
S03,72,1.8666666666666667,1
S03,73,0.26666666666666666,0
S03,74,0.6,0
S03,75,0.49166666666666664,0
S03,76,0.6,0
S03,77,0.45,0
S03,78,0.875,0
S03,79,0.9583333333333334,0
S03,80,0.8833333333333333,0
S03,81,0.875,0
S03,82,0.625,0
S03,83,0.375,0
S03,84,0.55,0
S03,85,0.15833333333333333,0
S03,86,0.8583333333333333,0
S03,87,0.7583333333333333,1
S03,88,1.375,0
S03,89,2.091666666666667,1
S03,90,0.8833333333333333,0
S03,91,0.95,0
S03,92,0.6416666666666667,0
S03,93,0.3333333333333333,0
S03,94,0.225,0
S03,95,0.49166666666666664,0
S03,96,0.4583333333333333,0
S03,97,1.3666666666666667,0
S03,98,0.5,0
S03,99,1.6583333333333334,0
S03,100,0.5166666666666667,0
S03,101,0.25833333333333336,0
S03,102,0.5416666666666666,0
S03,103,2.533333333333333,1
S03,104,1.4166666666666667,0
S03,105,0.35,0
S03,106,0.23333333333333334,0
S03,107,0.13333333333333333,0
S03,108,0.625,0
S03,109,1.5166666666666666,0
S03,110,1.15,0
S03,111,1.75,1
S03,112,0.8416666666666667,0
S03,113,0.4,0
S03,114,0.6416666666666667,0
S03,115,0.4583333333333333,0
S03,116,0.7416666666666667,0
S03,117,0.875,0
S03,118,1.55,0
S03,119,1.3,0
S03,120,0.425,0
S03,121,1.275,0
S03,122,1.725,0
S03,123,0.8083333333333333,0
S03,124,0.38333333333333336,0
S03,125,0.8833333333333333,0
S03,126,0.8166666666666667,0
S03,127,0.6583333333333333,0
S03,128,0.6416666666666667,0
S03,129,0.4583333333333333,0
S03,130,0.2,0
S03,131,0.5416666666666666,0
S03,132,0.6833333333333333,0
S03,133,2.6083333333333334,1
S03,134,0.6666666666666666,0
S03,135,0.8166666666666667,0
S03,136,1.4583333333333333,0
S03,137,1.95,0
S03,138,0.9583333333333334,0
S03,139,0.7416666666666667,0
S03,140,1.025,0
S03,141,1.7833333333333334,0
S03,142,0.6166666666666667,0
S03,143,0.525,0
S03,144,0.5916666666666667,0
S05,1,6.125,0
S05,2,2.9166666666666665,0
S05,3,1.5999999999999999,0
S05,4,2.1999999999999997,0
S05,5,2.783333333333333,0
S05,6,4.225,0
S05,7,1.425,0
S05,8,1.6416666666666666,0
S05,9,1.6416666666666666,0
S05,10,0.9833333333333333,0
S05,11,1.4583333333333333,0
S05,12,1.1166666666666667,0
S05,13,2.25,0
S05,14,7.283333333333333,1
S05,15,2.5833333333333335,0
S05,16,3.55,0
S05,17,1.4833333333333334,0
S05,18,2.525,0
S05,19,1.8916666666666666,0
S05,20,2.3,0
S05,21,1.15,0
S05,22,1.6333333333333333,0
S05,23,2.5,0
S05,24,6.108333333333334,1
S05,25,2.533333333333333,0
S05,26,1.1916666666666667,0
S05,27,1.075,0
S05,28,1.975,0
S05,29,2.375,0
S05,30,3.225,0
S05,31,1.5916666666666666,0
S05,32,1.8,0
S05,33,0.55,0
S05,34,1.125,0
S05,35,1.75,0
S05,36,1.4583333333333333,0
S05,37,1.825,0
S05,38,2.3333333333333335,0
S05,39,1.525,0
S05,40,1.0,0
S05,41,2.0833333333333335,0
S05,42,1.0416666666666665,0
S05,43,0.5333333333333333,0
S05,44,1.3833333333333333,0
S05,45,0.16666666666666666,0
S05,46,2.216666666666667,0
S05,47,1.5166666666666666,0
S05,48,0.9,0
S05,49,0.825,0
S05,50,7.466666666666667,1
S05,51,0.9,0
S05,52,1.0166666666666666,0
S05,53,2.0083333333333333,0
S05,54,1.5916666666666666,0
S05,55,0.8666666666666667,0
S05,56,4.541666666666666,1
S05,57,1.0916666666666668,0
S05,58,1.8666666666666667,0
S05,59,0.8416666666666667,0
S05,60,0.30833333333333335,0
S05,61,0.575,0
S05,62,2.125,0
S05,63,1.825,0
S05,64,1.2916666666666665,0
S05,65,0.04166666666666667,0
S05,66,0.7333333333333333,0
S05,67,3.6083333333333334,0
S05,68,5.241666666666666,1
S05,69,0.9333333333333333,0
S05,70,2.691666666666667,0
S05,71,2.8666666666666667,0
S05,72,0.8166666666666667,0
S05,73,1.15,0
S05,74,1.1166666666666667,0
S05,75,0.7416666666666667,0
S05,76,0.9,0
S05,77,0.2,0
S05,78,0.8583333333333333,0
S05,79,0.025,0
S05,80,0.2833333333333333,0
S05,81,1.1583333333333334,0
S05,82,0.225,0
S05,83,0.5666666666666667,0
S05,84,0.25,0
S05,85,0.6833333333333333,0
S05,86,0.7,0
S05,87,0.31666666666666665,0
S05,88,0.43333333333333335,0
S05,89,0.26666666666666666,0
S05,90,0.2916666666666667,0
S05,91,0.625,0
S05,92,0.0,0
S05,93,0.39166666666666666,0
S05,94,0.3333333333333333,0
S05,95,0.25,0
S05,96,0.0,0
S05,97,1.0916666666666666,0
S05,98,3.7416666666666667,0
S05,99,7.55,1
S05,100,0.30833333333333335,0
S05,101,0.0,0
S05,102,0.9666666666666667,0
S05,103,1.3583333333333334,0
S05,104,0.55,0
S05,105,0.49166666666666664,0
S05,106,0.8333333333333334,0
S05,107,0.4,0
S05,108,0.55,0
S05,109,0.95,0
S05,110,2.025,0
S05,111,0.825,0
S05,112,0.0,0
S05,113,0.016666666666666666,0
S05,114,0.008333333333333333,0
S05,115,0.6666666666666666,0
S05,116,0.6083333333333333,0
S05,117,0.95,0
S05,118,0.44166666666666665,0
S05,119,0.325,0
S05,120,0.4,0
S05,121,0.825,0
S05,122,0.008333333333333333,0
S05,123,0.325,0
S05,124,1.775,0
S05,125,0.825,0
S05,126,0.5666666666666667,0
S05,127,1.5583333333333333,0
S05,128,1.325,0
S05,129,1.025,0
S05,130,4.616666666666666,1
S05,131,2.8916666666666666,0
S05,132,0.8916666666666667,0
S05,133,0.43333333333333335,0
S05,134,0.8666666666666667,0
S05,135,0.8083333333333333,0
S05,136,0.016666666666666666,0
S05,137,0.3333333333333333,0
S05,138,0.175,0
S05,139,0.38333333333333336,0
S05,140,0.43333333333333335,0
S05,141,1.65,0
S05,142,1.15,0
S05,143,5.325,1
S05,144,1.3416666666666666,0
S06,1,4.083333333333333,0
S06,2,1.7,0
S06,3,5.583333333333333,0
S06,4,8.066666666666666,1
S06,5,7.141666666666667,0
S06,6,14.183333333333332,0
S06,7,10.808333333333334,0
S06,8,8.633333333333333,0
S06,9,7.258333333333334,1
S06,10,1.5,0
S06,11,4.025,0
S06,12,3.541666666666667,0
S06,13,2.925,0
S06,14,1.825,0
S06,15,1.9333333333333333,0
S06,16,10.625,1
S06,17,6.9,0
S06,18,2.1166666666666667,0
S06,19,2.975,0
S06,20,3.5666666666666664,1
S06,21,1.1416666666666666,0
S06,22,1.5666666666666667,0
S06,23,11.6,1
S06,24,2.158333333333333,0
S06,25,2.0833333333333335,0
S06,26,2.3333333333333335,0
S06,27,6.291666666666667,1
S06,28,1.1833333333333333,0
S06,29,3.066666666666667,0
S06,30,2.533333333333333,0
S06,31,0.875,0
S06,32,1.1666666666666667,0
S06,33,2.3,0
S06,34,0.6833333333333333,0
S06,35,2.441666666666667,0
S06,36,1.4416666666666667,0
S06,37,2.9916666666666667,0
S06,38,1.975,0
S06,39,3.3833333333333333,0
S06,40,1.1166666666666667,0
S06,41,3.033333333333333,0
S06,42,5.866666666666666,1
S06,43,2.0083333333333333,0
S06,44,1.6416666666666666,0
S06,45,1.5833333333333333,0
S06,46,8.441666666666666,0
S06,47,3.1416666666666666,0
S06,48,2.175,0
S06,49,4.425,1
S06,50,4.05,1
S06,51,2.475,0
S06,52,0.8916666666666667,0
S06,53,1.45,0
S06,54,1.15,0
S06,55,0.7166666666666667,0
S06,56,1.2083333333333333,0
S06,57,1.8083333333333333,0
S06,58,5.458333333333333,1
S06,59,3.125,0
S06,60,1.0083333333333333,0
S06,61,2.375,0
S06,62,1.5666666666666667,0
S06,63,0.25833333333333336,0
S06,64,4.608333333333333,1
S06,65,1.4416666666666667,0
S06,66,1.2583333333333333,0
S06,67,2.058333333333333,0
S06,68,0.875,0
S06,69,0.8583333333333333,0
S06,70,2.0416666666666665,0
S06,71,1.3333333333333333,0
S06,72,1.9083333333333334,0
S06,73,3.558333333333333,1
S06,74,1.5416666666666667,0
S06,75,1.1083333333333334,0
S06,76,0.7583333333333333,0
S06,77,0.825,0
S06,78,0.3416666666666667,0
S06,79,0.3333333333333333,0
S06,80,1.3833333333333333,0
S06,81,2.55,0
S06,82,3.1333333333333333,1
S06,83,1.7833333333333334,0
S06,84,0.9583333333333334,0
S06,85,1.375,0
S06,86,2.158333333333333,0
S06,87,0.4583333333333333,0
S06,88,2.1083333333333334,0
S06,89,0.6833333333333333,0
S06,90,0.5666666666666667,0
S06,91,4.65,0
S06,92,2.2916666666666665,0
S06,93,1.5416666666666667,0
S06,94,2.925,0
S06,95,3.5416666666666665,1
S06,96,0.8166666666666667,0
S06,97,4.691666666666666,1
S06,98,2.7416666666666667,0
S06,99,6.75,0
S06,100,6.583333333333333,0
S06,101,11.716666666666667,1
S06,102,6.85,1
S06,103,6.416666666666667,1
S06,104,8.616666666666667,0
S06,105,4.9,0
S06,106,0.5416666666666666,0
S06,107,0.5083333333333333,0
S06,108,1.4083333333333334,0
S06,109,1.6416666666666666,0
S06,110,1.3833333333333333,0
S06,111,7.616666666666666,0
S06,112,2.6333333333333333,0
S06,113,1.8583333333333334,0
S06,114,7.75,1
S06,115,5.75,1
S06,116,3.2916666666666665,0
S06,117,7.083333333333333,1
S06,118,2.7583333333333333,0
S06,119,1.4,0
S06,120,8.633333333333333,0
S06,121,0.9583333333333334,0
S06,122,1.175,0
S06,123,1.2833333333333334,0
S06,124,0.7583333333333333,0
S06,125,3.308333333333333,1
S06,126,1.075,0
S06,127,1.2166666666666666,0
S06,128,1.75,0
S06,129,1.9833333333333334,0
S06,130,1.025,0
S06,131,0.5,0
S06,132,0.7916666666666666,0
S06,133,1.5083333333333333,0
S06,134,1.425,0
S06,135,0.5083333333333333,0
S06,136,3.925,1
S06,137,1.0583333333333333,0
S06,138,0.65,0
S06,139,1.3333333333333333,0
S06,140,0.9,0
S06,141,0.39166666666666666,0
S06,142,0.6083333333333333,0
S06,143,0.925,0
S06,144,1.6,0
S07,1,0.2916666666666667,0
S07,2,1.175,0
S07,3,0.03333333333333333,0
S07,4,3.4833333333333334,0
S07,5,2.4166666666666665,0
S07,6,2.466666666666667,0
S07,7,0.6666666666666667,0
S07,8,0.725,0
S07,9,3.1500000000000004,0
S07,10,1.9666666666666668,0
S07,11,0.575,0
S07,12,0.6833333333333333,0
S07,13,0.36666666666666664,0
S07,14,0.4,0
S07,15,0.675,0
S07,16,1.2999999999999998,0
S07,17,0.35833333333333334,0
S07,18,0.30833333333333335,0
S07,19,0.47500000000000003,0
S07,20,0.9083333333333334,0
S07,21,0.025,0
S07,22,0.125,0
S07,23,0.9416666666666667,0
S07,24,0.19166666666666668,0
S07,25,1.1416666666666666,0
S07,26,0.5,0
S07,27,0.85,0
S07,28,4.175,1
S07,29,1.525,0
S07,30,1.9416666666666667,0
S07,31,0.48333333333333334,0
S07,32,0.95,0
S07,33,0.9083333333333333,0
S07,34,2.1416666666666666,0
S07,35,0.3,0
S07,36,0.6833333333333333,0
S07,37,0.1,0
S07,38,0.625,0
S07,39,3.675,1
S07,40,0.9916666666666667,0
S07,41,0.375,0
S07,42,0.725,0
S07,43,0.25833333333333336,0
S07,44,1.3666666666666667,0
S07,45,1.1583333333333334,0
S07,46,4.025,1
S07,47,0.95,0
S07,48,0.375,0
S07,49,1.6583333333333334,0
S07,50,0.6666666666666666,0
S07,51,0.7666666666666667,0
S07,52,0.2833333333333333,0
S07,53,0.3,0
S07,54,1.0666666666666667,0
S07,55,4.216666666666667,0
S07,56,2.95,0
S07,57,4.833333333333333,1
S07,58,2.225,0
S07,59,2.058333333333333,0
S07,60,0.44166666666666665,0
S07,61,2.6166666666666667,1
S07,62,0.9916666666666667,0
S07,63,0.4,0
S07,64,0.475,0
S07,65,0.15,0
S07,66,0.03333333333333333,0
S07,67,0.825,0
S07,68,2.425,0
S07,69,4.133333333333334,1
S07,70,2.225,0
S07,71,1.375,0
S07,72,0.8833333333333333,0
S07,73,0.275,0
S07,74,0.16666666666666666,0
S07,75,0.35,0
S07,76,0.5,0
S07,77,0.825,0
S07,78,0.6,0
S07,79,0.23333333333333334,0
S07,80,0.3,0
S07,81,0.4583333333333333,0
S07,82,0.36666666666666664,0
S07,83,0.03333333333333333,0
S07,84,1.975,0
S07,85,0.11666666666666667,0
S07,86,0.25,0
S07,87,0.30833333333333335,0
S07,88,0.18333333333333332,0
S07,89,0.6416666666666667,0
S07,90,0.0,0
S07,91,0.36666666666666664,0
S07,92,0.008333333333333333,0
S07,93,0.0,0
S07,94,0.025,0
S07,95,0.008333333333333333,0
S07,96,0.55,0
S07,97,1.375,0
S07,98,2.9166666666666665,0
S07,99,5.216666666666667,1
S07,100,7.066666666666666,1
S07,101,3.575,0
S07,102,2.875,0
S07,103,3.0416666666666665,1
S07,104,2.191666666666667,0
S07,105,2.4833333333333334,0
S07,106,1.975,0
S07,107,1.7833333333333334,0
S07,108,3.8333333333333335,0
S07,109,0.7583333333333333,0
S07,110,0.23333333333333334,0
S07,111,0.5,0
S07,112,1.3666666666666667,0
S07,113,1.5,0
S07,114,2.7916666666666665,1
S07,115,1.1,0
S07,116,1.325,0
S07,117,0.43333333333333335,0
S07,118,1.475,0
S07,119,0.45,0
S07,120,3.091666666666667,0
S07,121,0.425,0
S07,122,1.425,0
S07,123,0.15,0
S07,124,1.5,1
S07,125,0.7083333333333334,0
S07,126,0.6666666666666666,0
S07,127,0.5083333333333333,0
S07,128,0.925,0
S07,129,1.275,0
S07,130,0.8666666666666667,0
S07,131,3.0166666666666666,1
S07,132,1.1333333333333333,0
S07,133,0.25833333333333336,0
S07,134,0.3333333333333333,0
S07,135,1.675,0
S07,136,0.025,0
S07,137,0.025,0
S07,138,0.008333333333333333,0
S07,139,2.625,0
S07,140,0.1,0
S07,141,0.008333333333333333,0
S07,142,1.3333333333333333,0
S07,143,0.8416666666666667,0
S07,144,0.475,0
S08,1,2.033333333333333,0
S08,2,4.9750000000000005,0
S08,3,2.3083333333333336,0
S08,4,0.5833333333333334,0
S08,5,9.608333333333334,1
S08,6,3.9166666666666665,0
S08,7,0.6166666666666667,0
S08,8,0.3916666666666666,0
S08,9,0.7166666666666667,0
S08,10,0.9916666666666667,0
S08,11,1.2083333333333333,0
S08,12,0.6166666666666667,0
S08,13,1.85,0
S08,14,5.383333333333334,1
S08,15,1.6333333333333333,0
S08,16,1.2833333333333334,0
S08,17,1.4166666666666665,0
S08,18,0.75,0
S08,19,3.1083333333333334,0
S08,20,5.15,1
S08,21,1.225,0
S08,22,1.5166666666666666,0
S08,23,9.641666666666666,1
S08,24,1.2583333333333333,0
S08,25,1.2916666666666665,0
S08,26,1.6083333333333332,0
S08,27,2.2916666666666665,0
S08,28,1.2833333333333334,0
S08,29,1.2,0
S08,30,3.9916666666666667,0
S08,31,0.5916666666666667,0
S08,32,2.283333333333333,0
S08,33,1.2916666666666667,0
S08,34,4.425,1
S08,35,2.5500000000000003,0
S08,36,2.1083333333333334,0
S08,37,2.1833333333333336,0
S08,38,1.325,0
S08,39,1.2083333333333333,0
S08,40,1.9,0
S08,41,2.25,0
S08,42,1.25,0
S08,43,1.1916666666666667,0
S08,44,1.7333333333333334,0
S08,45,1.575,0
S08,46,0.9333333333333333,0
S08,47,1.7833333333333334,0
S08,48,0.7333333333333334,0
S08,49,6.816666666666667,1
S08,50,1.3,0
S08,51,2.2916666666666665,0
S08,52,1.5666666666666667,0
S08,53,0.9583333333333334,0
S08,54,1.4083333333333332,0
S08,55,1.5083333333333333,0
S08,56,1.325,0
S08,57,1.6083333333333334,0
S08,58,2.591666666666667,0
S08,59,2.55,0
S08,60,5.825,1
S08,61,6.525,1
S08,62,1.5083333333333333,0
S08,63,1.425,0
S08,64,2.066666666666667,0
S08,65,0.8416666666666667,0
S08,66,0.3,0
S08,67,0.8,0
S08,68,1.0416666666666665,0
S08,69,0.5666666666666667,0
S08,70,0.875,0
S08,71,0.675,0
S08,72,1.1166666666666667,0
S08,73,0.625,0
S08,74,2.0166666666666666,0
S08,75,1.4583333333333333,0
S08,76,5.066666666666667,1
S08,77,0.575,0
S08,78,1.675,0
S08,79,0.375,0
S08,80,0.25,0
S08,81,3.2416666666666667,1
S08,82,0.35,0
S08,83,1.5583333333333333,0
S08,84,0.9083333333333333,0
S08,85,1.5916666666666668,0
S08,86,0.5833333333333333,0
S08,87,0.8083333333333333,0
S08,88,0.6416666666666667,0
S08,89,0.9833333333333333,0
S08,90,0.43333333333333335,0
S08,91,0.39166666666666666,0
S08,92,0.44166666666666665,0
S08,93,0.7166666666666667,0
S08,94,0.0,0
S08,95,0.1,0
S08,96,0.44166666666666665,0
S08,97,1.475,0
S08,98,1.625,0
S08,99,3.5333333333333337,0
S08,100,5.433333333333334,1
S08,101,0.6666666666666666,0
S08,102,2.9666666666666663,0
S08,103,1.0333333333333332,0
S08,104,0.8666666666666667,0
S08,105,1.75,0
S08,106,1.2416666666666667,0
S08,107,2.7500000000000004,0
S08,108,1.5083333333333333,0
S08,109,5.574999999999999,1
S08,110,2.6166666666666663,0
S08,111,2.8333333333333335,0
S08,112,2.8416666666666663,0
S08,113,2.216666666666667,0
S08,114,1.9,0
S08,115,1.35,0
S08,116,1.925,0
S08,117,1.1583333333333334,0
S08,118,0.975,0
S08,119,1.9583333333333335,0
S08,120,0.2,0
S08,121,1.175,0
S08,122,1.1416666666666666,0
S08,123,1.925,0
S08,124,1.2416666666666667,0
S08,125,1.0166666666666666,0
S08,126,1.2166666666666666,0
S08,127,1.0,0
S08,128,0.32499999999999996,0
S08,129,1.3583333333333334,0
S08,130,0.5666666666666667,0
S08,131,0.5833333333333334,0
S08,132,0.30833333333333335,0
S08,133,0.9750000000000001,0
S08,134,0.5333333333333333,0
S08,135,0.625,0
S08,136,1.2416666666666667,0
S08,137,1.4583333333333333,0
S08,138,0.7916666666666667,0
S08,139,1.7916666666666667,0
S08,140,0.6499999999999999,0
S08,141,0.5416666666666667,0
S08,142,1.15,0
S08,143,6.8,1
S08,144,0.85,0
S09,1,4.65,0
S09,2,1.7,0
S09,3,4.408333333333333,1
S09,4,1.1333333333333333,0
S09,5,1.7083333333333333,0
S09,6,3.1333333333333333,0
S09,7,0.06666666666666667,0
S09,8,0.5,0
S09,9,4.891666666666667,1
S09,10,0.25,0
S09,11,1.5916666666666666,0
S09,12,1.075,0
S09,13,0.9,0
S09,14,2.316666666666667,0
S09,15,8.658333333333333,1
S09,16,1.6583333333333332,0
S09,17,1.7916666666666667,0
S09,18,2.5083333333333333,0
S09,19,1.3083333333333333,0
S09,20,0.375,0
S09,21,0.375,0
S09,22,1.3166666666666667,0
S09,23,3.541666666666667,0
S09,24,2.775,1
S09,25,0.0,0
S09,26,1.0416666666666667,0
S09,27,5.8,1
S09,28,0.4583333333333333,0
S09,29,1.5,0
S09,30,2.3166666666666664,0
S09,31,0.5666666666666667,0
S09,32,0.9083333333333334,0
S09,33,0.5750000000000001,0
S09,34,0.9333333333333333,0
S09,35,1.0333333333333334,0
S09,36,0.6833333333333333,0
S09,37,0.55,0
S09,38,2.4583333333333335,1
S09,39,1.075,0
S09,40,0.5083333333333333,0
S09,41,0.925,0
S09,42,1.6583333333333334,0
S09,43,3.6166666666666663,1
S09,44,1.025,0
S09,45,0.5583333333333333,0
S09,46,0.008333333333333333,0
S09,47,0.18333333333333332,0
S09,48,0.4083333333333333,0
S09,49,0.008333333333333333,0
S09,50,0.4583333333333333,0
S09,51,0.48333333333333334,0
S09,52,0.8416666666666666,0
S09,53,1.2583333333333333,0
S09,54,1.6666666666666665,0
S09,55,0.475,0
S09,56,0.0,0
S09,57,0.375,0
S09,58,0.20833333333333334,0
S09,59,0.375,0
S09,60,1.9083333333333334,1
S09,61,0.025,0
S09,62,1.0333333333333332,0
S09,63,2.808333333333333,0
S09,64,1.5833333333333333,0
S09,65,3.283333333333333,1
S09,66,2.3583333333333334,0
S09,67,0.25,0
S09,68,0.03333333333333333,0
S09,69,0.4,0
S09,70,0.3166666666666667,0
S09,71,0.016666666666666666,0
S09,72,0.525,0
S09,73,1.2166666666666666,0
S09,74,4.116666666666666,1
S09,75,0.5583333333333333,0
S09,76,3.7583333333333333,1
S09,77,1.15,0
S09,78,0.41666666666666663,0
S09,79,0.09166666666666666,0
S09,80,0.4083333333333334,0
S09,81,1.2249999999999999,0
S09,82,4.091666666666667,1
S09,83,0.5166666666666667,0
S09,84,0.4666666666666667,0
S09,85,0.6583333333333333,0
S09,86,0.25,0
S09,87,1.0499999999999998,0
S09,88,0.3,0
S09,89,0.26666666666666666,0
S09,90,0.9083333333333333,0
S09,91,0.625,0
S09,92,0.38333333333333336,0
S09,93,1.1166666666666667,0
S09,94,2.375,1
S09,95,0.35,0
S09,96,0.31666666666666665,0
S09,97,0.6916666666666667,0
S09,98,0.008333333333333333,0
S09,99,1.0083333333333333,0
S09,100,0.44166666666666665,0
S09,101,2.6083333333333334,0
S09,102,2.283333333333333,0
S09,103,0.0,0
S09,104,1.0583333333333333,0
S09,105,1.2333333333333334,0
S09,106,0.15,0
S09,107,0.325,0
S09,108,0.95,0
S09,109,1.075,0
S09,110,2.4416666666666664,0
S09,111,3.841666666666667,1
S09,112,0.9333333333333333,0
S09,113,1.0333333333333334,0
S09,114,1.7,0
S09,115,1.5,0
S09,116,3.625,1
S09,117,0.9500000000000001,0
S09,118,0.5333333333333333,0
S09,119,1.3416666666666668,0
S09,120,2.475,0
S09,121,0.5083333333333333,0
S09,122,2.6333333333333333,1
S09,123,0.7,0
S09,124,0.3416666666666667,0
S09,125,0.3333333333333333,0
S09,126,1.3166666666666667,0
S09,127,0.0,0
S09,128,1.2,0
S09,129,0.7166666666666667,0
S09,130,0.2833333333333333,0
S09,131,2.6666666666666665,1
S09,132,1.1583333333333334,0
S09,133,0.225,0
S09,134,0.15833333333333333,0
S09,135,1.8833333333333333,0
S09,136,0.825,0
S09,137,5.391666666666667,0
S09,138,3.1166666666666667,1
S09,139,1.0083333333333333,0
S09,140,0.38333333333333336,0
S09,141,1.0,0
S09,142,1.7916666666666667,1
S09,143,0.44166666666666665,0
S09,144,0.3333333333333333,0
S10,1,0.13333333333333333,0
S10,2,0.41666666666666663,0
S10,3,0.0,0
S10,4,0.0,0
S10,5,0.3416666666666667,0
S10,6,0.025,0
S10,7,1.275,0
S10,8,1.5416666666666667,0
S10,9,0.9166666666666666,0
S10,10,1.55,0
S10,11,2.416666666666667,0
S10,12,0.35,0
S10,13,0.0,1
S10,14,0.23333333333333334,0
S10,15,0.0,0
S10,16,2.4,1
S10,17,1.1916666666666667,0
S10,18,0.19999999999999998,0
S10,19,1.4,0
S10,20,1.0916666666666668,0
S10,21,1.025,0
S10,22,0.3416666666666667,0
S10,23,0.8916666666666666,0
S10,24,1.1166666666666667,1
S10,25,0.4166666666666667,0
S10,26,0.016666666666666666,0
S10,27,0.16666666666666666,0
S10,28,3.75,1
S10,29,1.925,0
S10,30,0.9750000000000001,0
S10,31,2.216666666666667,1
S10,32,1.8166666666666669,0
S10,33,2.9833333333333334,0
S10,34,1.5916666666666666,0
S10,35,1.725,1
S10,36,1.7999999999999998,0
S10,37,0.31666666666666665,0
S10,38,0.06666666666666667,0
S10,39,0.2833333333333333,0
S10,40,0.525,0
S10,41,1.3499999999999999,0
S10,42,1.25,0
S10,43,0.8083333333333333,0
S10,44,1.9,0
S10,45,0.8,0
S10,46,1.4833333333333332,1
S10,47,1.175,1
S10,48,1.3833333333333333,0
S10,49,0.016666666666666666,1
S10,50,0.0,1
S10,51,0.008333333333333333,0
S10,52,0.6416666666666666,0
S10,53,0.4666666666666667,0
S10,54,1.3416666666666666,1
S10,55,1.7333333333333334,0
S10,56,1.0166666666666666,0
S10,57,1.2333333333333334,0
S10,58,1.1166666666666667,0
S10,59,0.4666666666666667,0
S10,60,0.2916666666666667,0
S10,61,0.06666666666666667,0
S10,62,0.0,0
S10,63,0.0,0
S10,64,0.3666666666666667,0
S10,65,0.8833333333333333,0
S10,66,0.2,0
S10,67,1.2083333333333333,0
S10,68,0.8916666666666667,0
S10,69,1.6,1
S10,70,0.3416666666666667,0
S10,71,0.5666666666666667,0
S10,72,0.7583333333333333,0
S10,73,0.43333333333333335,0
S10,74,0.0,0
S10,75,0.0,0
S10,76,0.5833333333333334,0
S10,77,0.3666666666666667,0
S10,78,0.008333333333333333,0
S10,79,0.025,0
S10,80,0.6583333333333334,0
S10,81,0.15,0
S10,82,0.5,0
S10,83,0.20833333333333334,0
S10,84,0.15833333333333333,0
S10,85,0.03333333333333333,0
S10,86,0.0,0
S10,87,0.0,0
S10,88,0.225,0
S10,89,0.11666666666666667,0
S10,90,0.4083333333333334,0
S10,91,0.4666666666666667,0
S10,92,0.05,0
S10,93,0.9333333333333333,0
S10,94,0.375,0
S10,95,0.525,0
S10,96,0.6083333333333334,0
S10,97,0.3,0
S10,98,0.25,0
S10,99,0.0,1
S10,100,0.275,0
S10,101,0.2833333333333333,1
S10,102,0.3666666666666667,0
S10,103,1.4583333333333333,1
S10,104,0.925,0
S10,105,0.8083333333333333,0
S10,106,0.75,0
S10,107,0.2833333333333333,0
S10,108,0.5,1
S10,109,0.0,1
S10,110,0.05,0
S10,111,0.0,0
S10,112,0.4583333333333333,0
S10,113,0.625,0
S10,114,1.0166666666666666,0
S10,115,0.7666666666666667,0
S10,116,1.1666666666666667,0
S10,117,0.5416666666666666,0
S10,118,0.5166666666666667,1
S10,119,0.43333333333333335,0
S10,120,0.26666666666666666,0
S10,121,0.0,0
S10,122,0.0,0
S10,123,0.058333333333333334,0
S10,124,0.20833333333333334,0
S10,125,0.016666666666666666,0
S10,126,0.38333333333333336,0
S10,127,1.9583333333333333,1
S10,128,1.4500000000000002,0
S10,129,1.0,0
S10,130,0.6583333333333333,0
S10,131,0.7166666666666667,0
S10,132,0.7333333333333333,0
S10,133,0.0,0
S10,134,0.0,1
S10,135,0.0,0
S10,136,0.325,0
S10,137,0.5416666666666666,0
S10,138,0.9416666666666667,1
S10,139,1.075,0
S10,140,0.6083333333333333,0
S10,141,0.9666666666666666,0
S10,142,0.975,1
S10,143,0.6083333333333334,0
S10,144,0.7333333333333334,0
S12,1,0.85,0
S12,2,0.75,0
S12,3,1.0666666666666667,0
S12,4,0.375,0
S12,5,0.725,0
S12,6,2.225,0
S12,7,0.775,0
S12,8,0.875,0
S12,9,0.475,0
S12,10,0.5,0
S12,11,0.26666666666666666,0
S12,12,0.6416666666666667,0
S12,13,0.9333333333333333,0
S12,14,3.583333333333333,1
S12,15,0.35833333333333334,0
S12,16,1.1166666666666665,0
S12,17,1.7416666666666667,0
S12,18,0.11666666666666667,0
S12,19,1.9583333333333333,0
S12,20,1.4416666666666667,1
S12,21,0.48333333333333334,0
S12,22,0.9416666666666667,0
S12,23,2.1,0
S12,24,0.975,0
S12,25,2.533333333333333,1
S12,26,1.0666666666666667,0
S12,27,0.875,0
S12,28,1.025,0
S12,29,1.4333333333333333,0
S12,30,0.025,0
S12,31,1.7833333333333334,1
S12,32,1.075,0
S12,33,0.36666666666666664,0
S12,34,0.20833333333333334,0
S12,35,0.008333333333333333,0
S12,36,0.23333333333333334,0
S12,37,2.775,0
S12,38,2.1416666666666666,0
S12,39,0.475,0
S12,40,0.008333333333333333,0
S12,41,1.2166666666666666,0
S12,42,1.7583333333333333,0
S12,43,0.0,0
S12,44,0.65,0
S12,45,0.31666666666666665,0
S12,46,0.36666666666666664,0
S12,47,0.2833333333333333,0
S12,48,1.575,0
S12,49,1.425,1
S12,50,0.9666666666666667,0
S12,51,1.175,0
S12,52,0.675,0
S12,53,0.44166666666666665,0
S12,54,0.7083333333333334,0
S12,55,1.25,0
S12,56,1.2333333333333334,1
S12,57,0.08333333333333333,0
S12,58,0.9416666666666667,0
S12,59,1.075,0
S12,60,1.15,1
S12,61,1.925,1
S12,62,1.3333333333333333,0
S12,63,1.275,0
S12,64,1.4583333333333333,0
S12,65,1.2166666666666666,0
S12,66,1.5333333333333334,0
S12,67,0.8833333333333333,0
S12,68,1.0666666666666667,0
S12,69,2.066666666666667,0
S12,70,0.6583333333333333,0
S12,71,1.0583333333333333,0
S12,72,4.891666666666667,1
S12,73,2.0833333333333335,0
S12,74,0.7083333333333334,0
S12,75,1.175,0
S12,76,2.55,0
S12,77,0.65,0
S12,78,1.3416666666666666,0
S12,79,0.9083333333333333,0
S12,80,1.2666666666666666,0
S12,81,0.4666666666666667,0
S12,82,2.441666666666667,1
S12,83,0.9,0
S12,84,1.0416666666666667,0
S12,85,0.35,0
S12,86,1.0083333333333333,0
S12,87,1.3,0
S12,88,0.55,0
S12,89,0.6583333333333333,0
S12,90,0.8666666666666667,0
S12,91,0.025,0
S12,92,0.35833333333333334,0
S12,93,1.25,0
S12,94,2.6666666666666665,0
S12,95,0.9583333333333334,0
S12,96,4.066666666666666,1
S12,97,1.4,0
S12,98,0.08333333333333333,0
S12,99,4.066666666666666,1
S12,100,0.48333333333333334,0
S12,101,0.3333333333333333,0
S12,102,2.4583333333333335,0
S12,103,0.7083333333333334,1
S12,104,2.191666666666667,0
S12,105,0.6416666666666667,0
S12,106,0.19166666666666668,0
S12,107,0.03333333333333333,0
S12,108,0.016666666666666666,0
S12,109,0.5583333333333333,0
S12,110,1.7916666666666667,0
S12,111,2.3333333333333335,0
S12,112,1.0333333333333334,0
S12,113,1.5,0
S12,114,3.158333333333333,1
S12,115,0.5,1
S12,116,0.16666666666666666,0
S12,117,0.75,0
S12,118,0.5083333333333333,1
S12,119,0.4583333333333333,0
S12,120,1.125,0
S12,121,0.175,0
S12,122,0.55,0
S12,123,1.525,1
S12,124,0.008333333333333333,0
S12,125,0.85,0
S12,126,0.4583333333333333,1
S12,127,0.43333333333333335,0
S12,128,0.425,0
S12,129,0.0,0
S12,130,2.158333333333333,0
S12,131,0.775,0
S12,132,3.341666666666667,0
S12,133,3.325,1
S12,134,1.225,0
S12,135,1.1916666666666667,0
S12,136,2.1416666666666666,0
S12,137,0.8083333333333333,0
S12,138,0.4,0
S12,139,0.3416666666666667,0
S12,140,0.49166666666666664,0
S12,141,2.1,1
S12,142,0.5,0
S12,143,1.65,0
S12,144,3.25,0
S13,1,6.3,0
S13,2,5.191666666666667,0
S13,3,2.875,0
S13,4,2.683333333333333,0
S13,5,1.6666666666666665,0
S13,6,3.0083333333333333,0
S13,7,2.2,0
S13,8,3.8249999999999997,0
S13,9,3.341666666666667,0
S13,10,0.0,1
S13,11,0.0,0
S13,12,0.016666666666666666,0
S13,13,2.0083333333333333,0
S13,14,2.6333333333333333,0
S13,15,2.2583333333333333,0
S13,16,6.058333333333334,1
S13,17,3.55,0
S13,18,1.375,0
S13,19,3.0833333333333335,0
S13,20,6.458333333333333,1
S13,21,2.183333333333333,0
S13,22,0.041666666666666664,0
S13,23,0.14166666666666666,0
S13,24,0.2916666666666667,0
S13,25,6.416666666666667,1
S13,26,2.1166666666666667,0
S13,27,1.9,0
S13,28,3.975,0
S13,29,5.783333333333333,0
S13,30,3.0,0
S13,31,2.4,1
S13,32,0.9833333333333333,0
S13,33,1.6916666666666667,1
S13,34,0.03333333333333333,0
S13,35,0.05,0
S13,36,0.075,0
S13,37,2.691666666666667,0
S13,38,1.8916666666666666,0
S13,39,2.3,0
S13,40,1.7166666666666666,0
S13,41,7.358333333333333,1
S13,42,2.5833333333333335,0
S13,43,0.6916666666666667,0
S13,44,1.4,1
S13,45,1.1,0
S13,46,0.016666666666666666,0
S13,47,0.2916666666666667,0
S13,48,0.19166666666666668,1
S13,49,11.6,1
S13,50,3.841666666666667,0
S13,51,4.875,0
S13,52,5.083333333333333,1
S13,53,2.066666666666667,0
S13,54,3.475,0
S13,55,4.575,0
S13,56,2.1333333333333333,0
S13,57,1.225,0
S13,58,0.13333333333333333,0
S13,59,0.19166666666666668,0
S13,60,0.03333333333333333,0
S13,61,1.6,0
S13,62,5.791666666666667,0
S13,63,2.466666666666667,1
S13,64,3.4,1
S13,65,2.6166666666666667,1
S13,66,3.875,0
S13,67,3.308333333333333,0
S13,68,2.075,1
S13,69,1.5416666666666667,0
S13,70,0.03333333333333333,0
S13,71,0.025,0
S13,72,0.15,1
S13,73,4.5,1
S13,74,3.3583333333333334,0
S13,75,2.3583333333333334,0
S13,76,2.3666666666666667,0
S13,77,2.225,0
S13,78,2.825,0
S13,79,4.833333333333333,0
S13,80,2.091666666666667,0
S13,81,2.1083333333333334,0
S13,82,0.3,1
S13,83,0.225,0
S13,84,0.016666666666666666,0
S13,85,1.625,0
S13,86,3.2916666666666665,0
S13,87,3.9,0
S13,88,3.2916666666666665,0
S13,89,3.5416666666666665,1
S13,90,1.725,0
S13,91,0.8166666666666667,0
S13,92,0.7333333333333333,0
S13,93,1.45,0
S13,94,0.058333333333333334,0
S13,95,0.325,0
S13,96,0.5416666666666666,0
S13,97,3.9833333333333334,1
S13,98,1.6166666666666667,0
S13,99,5.525,0
S13,100,5.158333333333333,1
S13,101,4.775,0
S13,102,9.116666666666667,1
S13,103,3.3333333333333335,1
S13,104,3.091666666666667,0
S13,105,5.191666666666666,0
S13,106,0.08333333333333333,0
S13,107,0.03333333333333333,0
S13,108,0.025,0
S13,109,3.5416666666666665,0
S13,110,1.7666666666666666,0
S13,111,5.708333333333333,1
S13,112,6.516666666666667,0
S13,113,4.241666666666666,1
S13,114,4.725,0
S13,115,1.5416666666666667,0
S13,116,4.433333333333334,0
S13,117,1.55,0
S13,118,0.075,0
S13,119,0.25,0
S13,120,0.6833333333333333,0
S13,121,1.65,0
S13,122,1.9666666666666666,0
S13,123,1.375,0
S13,124,5.458333333333333,1
S13,125,3.85,0
S13,126,5.116666666666666,1
S13,127,2.316666666666667,1
S13,128,2.5416666666666665,0
S13,129,2.808333333333333,0
S13,130,0.2,1
S13,131,0.125,0
S13,132,0.008333333333333333,0
S13,133,1.9833333333333334,0
S13,134,1.5666666666666667,0
S13,135,1.125,0
S13,136,1.1333333333333333,0
S13,137,3.75,1
S13,138,1.3166666666666667,0
S13,139,2.5,1
S13,140,1.0833333333333333,0
S13,141,1.1833333333333333,0
S13,142,0.025,0
S13,143,0.15,0
S13,144,0.08333333333333333,0
S14,1,1.6416666666666666,0
S14,2,4.65,0
S14,3,2.2583333333333333,0
S14,4,7.725,0
S14,5,7.5,1
S14,6,6.566666666666666,0
S14,7,1.1666666666666667,0
S14,8,0.6083333333333333,0
S14,9,0.775,0
S14,10,0.33333333333333337,0
S14,11,1.325,0
S14,12,0.05,0
S14,13,2.058333333333333,0
S14,14,1.7666666666666666,0
S14,15,1.2583333333333333,0
S14,16,0.9333333333333333,0
S14,17,2.75,1
S14,18,0.7166666666666667,0
S14,19,1.0416666666666667,0
S14,20,0.43333333333333335,0
S14,21,0.5083333333333333,0
S14,22,1.0333333333333332,0
S14,23,0.875,0
S14,24,0.8166666666666667,0
S14,25,7.391666666666667,1
S14,26,6.591666666666667,0
S14,27,3.85,0
S14,28,1.4416666666666667,0
S14,29,1.7583333333333333,0
S14,30,3.8666666666666667,0
S14,31,2.6083333333333334,1
S14,32,2.4166666666666665,0
S14,33,0.23333333333333334,0
S14,34,1.6166666666666667,0
S14,35,3.6416666666666666,0
S14,36,1.4500000000000002,1
S14,37,0.95,0
S14,38,1.5666666666666667,0
S14,39,0.7833333333333333,0
S14,40,0.95,0
S14,41,0.5083333333333333,0
S14,42,1.1916666666666667,0
S14,43,2.658333333333333,0
S14,44,1.0583333333333333,0
S14,45,0.7166666666666667,0
S14,46,0.31666666666666665,0
S14,47,0.24166666666666667,0
S14,48,0.8333333333333334,0
S14,49,2.6083333333333334,0
S14,50,2.55,0
S14,51,1.9083333333333334,0
S14,52,0.9916666666666667,0
S14,53,1.4666666666666666,0
S14,54,2.05,0
S14,55,0.7583333333333333,0
S14,56,1.1416666666666666,0
S14,57,0.48333333333333334,0
S14,58,1.1666666666666667,0
S14,59,0.38333333333333336,0
S14,60,0.31666666666666665,0
S14,61,4.383333333333334,1
S14,62,2.1333333333333333,0
S14,63,2.65,0
S14,64,1.4333333333333333,0
S14,65,2.1166666666666667,0
S14,66,1.3333333333333333,0
S14,67,1.4333333333333333,0
S14,68,2.975,0
S14,69,1.55,0
S14,70,2.566666666666667,1
S14,71,1.6166666666666667,0
S14,72,1.075,0
S14,73,0.525,0
S14,74,0.225,0
S14,75,0.36666666666666664,0
S14,76,0.4083333333333333,0
S14,77,0.6333333333333333,0
S14,78,1.1916666666666667,0
S14,79,0.475,0
S14,80,0.041666666666666664,0
S14,81,0.016666666666666666,0
S14,82,0.0,0
S14,83,0.3416666666666667,0
S14,84,0.3333333333333333,0
S14,85,0.2833333333333333,0
S14,86,0.36666666666666664,0
S14,87,0.2833333333333333,0
S14,88,1.5666666666666667,0
S14,89,0.7083333333333334,0
S14,90,0.19166666666666668,0
S14,91,0.4166666666666667,0
S14,92,0.39166666666666666,0
S14,93,0.0,0
S14,94,0.7,0
S14,95,0.24166666666666667,0
S14,96,0.0,0
S14,97,0.875,0
S14,98,0.9916666666666667,0
S14,99,0.39166666666666666,0
S14,100,0.575,0
S14,101,0.925,0
S14,102,1.9,0
S14,103,0.275,0
S14,104,0.23333333333333334,0
S14,105,0.35833333333333334,0
S14,106,0.08333333333333333,0
S14,107,0.016666666666666666,0
S14,108,0.35833333333333334,0
S14,109,0.016666666666666666,0
S14,110,0.7166666666666667,0
S14,111,5.033333333333333,1
S14,112,0.35,0
S14,113,0.8416666666666667,0
S14,114,3.533333333333333,0
S14,115,3.7666666666666666,0
S14,116,1.1333333333333333,0
S14,117,0.0,0
S14,118,0.4,0
S14,119,0.6166666666666667,0
S14,120,0.9,0
S14,121,0.325,0
S14,122,0.425,0
S14,123,0.7333333333333333,0
S14,124,0.7,0
S14,125,0.9333333333333333,0
S14,126,0.6916666666666667,0
S14,127,0.9666666666666667,0
S14,128,0.0,0
S14,129,0.7083333333333334,0
S14,130,0.5916666666666667,0
S14,131,0.4666666666666667,0
S14,132,0.5333333333333333,0
S14,133,0.625,0
S14,134,0.4583333333333333,0
S14,135,0.24166666666666667,0
S14,136,0.9416666666666667,0
S14,137,2.15,0
S14,138,0.525,0
S14,139,0.45,0
S14,140,3.908333333333333,1
S14,141,0.35,0
S14,142,0.4,0
S14,143,1.1916666666666667,0
S14,144,1.2833333333333334,0
S15,1,1.475,0
S15,2,0.5083333333333333,0
S15,3,0.0,0
S15,4,0.20833333333333334,1
S15,5,0.6166666666666667,0
S15,6,0.20833333333333334,0
S15,7,0.0,0
S15,8,0.18333333333333332,0
S15,9,0.4166666666666667,0
S15,10,0.31666666666666665,0
S15,11,0.3333333333333333,0
S15,12,0.18333333333333332,0
S15,13,0.19166666666666668,1
S15,14,0.6333333333333333,0
S15,15,0.825,0
S15,16,0.1,0
S15,17,0.30833333333333335,0
S15,18,0.058333333333333334,0
S15,19,1.6416666666666666,1
S15,20,0.44166666666666665,0
S15,21,0.058333333333333334,0
S15,22,1.325,0
S15,23,1.3083333333333333,0
S15,24,3.6083333333333334,0
S15,25,9.758333333333333,0
S15,26,2.591666666666667,0
S15,27,3.925,1
S15,28,7.108333333333333,1
S15,29,4.8,0
S15,30,9.383333333333333,1
S15,31,5.433333333333334,0
S15,32,1.4916666666666667,0
S15,33,2.1166666666666667,0
S15,34,0.5916666666666667,0
S15,35,0.3833333333333333,0
S15,36,1.1083333333333334,0
S15,37,3.6833333333333336,0
S15,38,0.9416666666666667,0
S15,39,1.8583333333333334,0
S15,40,0.8916666666666667,0
S15,41,5.458333333333333,0
S15,42,4.066666666666666,0
S15,43,1.5833333333333333,0
S15,44,5.708333333333333,0
S15,45,1.9,0
S15,46,0.875,0
S15,47,0.475,0
S15,48,0.6583333333333333,0
S15,49,3.716666666666667,0
S15,50,0.9416666666666667,0
S15,51,1.45,0
S15,52,3.683333333333333,1
S15,53,1.2833333333333334,0
S15,54,0.675,0
S15,55,0.5583333333333333,0
S15,56,1.8583333333333334,0
S15,57,4.925,0
S15,58,1.15,0
S15,59,0.45,0
S15,60,5.558333333333334,1
S15,61,0.85,0
S15,62,0.3416666666666667,0
S15,63,0.4583333333333333,0
S15,64,0.6833333333333333,0
S15,65,2.475,0
S15,66,1.0,0
S15,67,5.916666666666667,0
S15,68,6.016666666666667,1
S15,69,0.8166666666666667,0
S15,70,3.1083333333333334,0
S15,71,0.7,0
S15,72,5.475,1
S15,73,11.875,1
S15,74,2.5083333333333333,0
S15,75,0.7833333333333333,0
S15,76,1.7166666666666666,0
S15,77,0.8416666666666667,0
S15,78,0.6666666666666666,0
S15,79,3.308333333333333,0
S15,80,0.75,0
S15,81,0.48333333333333334,0
S15,82,0.9333333333333333,0
S15,83,1.2083333333333333,0
S15,84,0.6333333333333333,0
S15,85,1.9333333333333333,0
S15,86,0.7083333333333334,0
S15,87,4.075,0
S15,88,2.5166666666666666,0
S15,89,3.3,1
S15,90,0.49166666666666664,0
S15,91,0.38333333333333336,0
S15,92,0.48333333333333334,0
S15,93,1.0583333333333333,0
S15,94,0.4166666666666667,0
S15,95,5.291666666666667,0
S15,96,5.7,0
S15,97,2.3,0
S15,98,0.7749999999999999,0
S15,99,11.225,0
S15,100,0.475,0
S15,101,0.5916666666666667,0
S15,102,15.233333333333334,1
S15,103,5.791666666666667,1
S15,104,2.191666666666667,0
S15,105,9.633333333333333,1
S15,106,0.7416666666666667,0
S15,107,0.9166666666666666,0
S15,108,0.4,0
S15,109,5.0,0
S15,110,2.7916666666666665,1
S15,111,6.958333333333333,1
S15,112,0.55,0
S15,113,0.45,0
S15,114,2.65,0
S15,115,9.658333333333333,1
S15,116,2.3916666666666666,0
S15,117,2.5833333333333335,0
S15,118,0.65,0
S15,119,0.975,0
S15,120,5.216666666666667,1
S15,121,3.5416666666666665,1
S15,122,4.758333333333334,0
S15,123,1.25,0
S15,124,3.4833333333333334,1
S15,125,1.8583333333333334,0
S15,126,0.8333333333333334,0
S15,127,5.983333333333333,1
S15,128,4.683333333333334,0
S15,129,5.258333333333334,1
S15,130,7.191666666666666,1
S15,131,3.783333333333333,0
S15,132,3.85,0
S15,133,8.466666666666667,0
S15,134,1.7583333333333333,0
S15,135,1.7333333333333334,0
S15,136,6.091666666666667,1
S15,137,5.25,1
S15,138,0.49166666666666664,0
S15,139,2.091666666666667,0
S15,140,1.8666666666666667,0
S15,141,4.875,0
S15,142,0.3333333333333333,0
S15,143,1.5916666666666666,0
S15,144,5.233333333333333,1
S16,1,2.0583333333333336,0
S16,2,1.35,0
S16,3,1.8,0
S16,4,1.275,0
S16,5,8.058333333333334,0
S16,6,8.125,1
S16,7,1.825,0
S16,8,3.9499999999999997,1
S16,9,1.9083333333333334,0
S16,10,0.7749999999999999,0
S16,11,2.5833333333333335,0
S16,12,0.5666666666666667,0
S16,13,1.8916666666666666,0
S16,14,2.2916666666666665,0
S16,15,0.8166666666666667,0
S16,16,1.5083333333333333,0
S16,17,1.0833333333333335,0
S16,18,0.26666666666666666,0
S16,19,0.7,0
S16,20,1.3583333333333334,0
S16,21,1.375,0
S16,22,0.8166666666666667,0
S16,23,2.075,0
S16,24,1.4416666666666667,0
S16,25,2.533333333333333,1
S16,26,1.475,1
S16,27,3.091666666666667,0
S16,28,0.6666666666666666,0
S16,29,2.2583333333333333,0
S16,30,6.541666666666666,0
S16,31,1.35,0
S16,32,1.1083333333333334,0
S16,33,1.8833333333333333,0
S16,34,0.8916666666666667,0
S16,35,0.5,0
S16,36,1.075,0
S16,37,0.925,0
S16,38,2.4833333333333334,1
S16,39,1.0,0
S16,40,1.8083333333333333,0
S16,41,2.175,0
S16,42,0.8666666666666667,0
S16,43,0.4416666666666667,0
S16,44,0.5,0
S16,45,0.43333333333333335,0
S16,46,0.041666666666666664,0
S16,47,0.025,0
S16,48,0.7916666666666666,0
S16,49,1.225,0
S16,50,0.45,0
S16,51,2.683333333333333,1
S16,52,1.1416666666666666,0
S16,53,1.3416666666666666,0
S16,54,2.7333333333333334,0
S16,55,2.2583333333333333,1
S16,56,0.3333333333333333,0
S16,57,0.6583333333333333,0
S16,58,0.875,0
S16,59,0.7583333333333333,0
S16,60,0.48333333333333334,0
S16,61,2.0083333333333333,0
S16,62,0.35,0
S16,63,0.31666666666666665,0
S16,64,3.683333333333333,0
S16,65,1.7416666666666667,0
S16,66,0.375,0
S16,67,0.6083333333333333,0
S16,68,1.3916666666666666,0
S16,69,1.4416666666666667,0
S16,70,0.175,1
S16,71,1.0666666666666667,0
S16,72,2.05,0
S16,73,0.7,0
S16,74,0.6666666666666666,0
S16,75,1.4083333333333334,0
S16,76,0.4166666666666667,0
S16,77,3.3583333333333334,1
S16,78,1.7,0
S16,79,0.5083333333333333,0
S16,80,0.26666666666666666,0
S16,81,0.30833333333333335,0
S16,82,0.6333333333333333,0
S16,83,0.4583333333333333,0
S16,84,0.43333333333333335,0
S16,85,0.6083333333333333,0
S16,86,0.25,0
S16,87,0.225,0
S16,88,0.7166666666666667,0
S16,89,0.26666666666666666,0
S16,90,0.2,0
S16,91,0.225,0
S16,92,0.2916666666666667,0
S16,93,0.3416666666666667,0
S16,94,0.25833333333333336,0
S16,95,0.0,0
S16,96,0.825,0
S16,97,0.95,0
S16,98,6.166666666666667,1
S16,99,2.0833333333333335,1
S16,100,3.7666666666666666,1
S16,101,3.3333333333333335,0
S16,102,0.5416666666666666,0
S16,103,1.8,1
S16,104,1.3833333333333333,0
S16,105,1.0333333333333334,0
S16,106,0.875,0
S16,107,0.49166666666666664,0
S16,108,0.9666666666666667,0
S16,109,0.4666666666666667,0
S16,110,0.6,0
S16,111,0.925,0
S16,112,2.466666666666667,0
S16,113,3.716666666666667,1
S16,114,1.9,1
S16,115,0.7583333333333333,0
S16,116,1.05,0
S16,117,0.6916666666666667,0
S16,118,0.4583333333333333,0
S16,119,2.5833333333333335,0
S16,120,4.116666666666666,1
S16,121,2.7333333333333334,0
S16,122,0.6416666666666667,0
S16,123,0.425,0
S16,124,0.4583333333333333,0
S16,125,0.7583333333333333,0
S16,126,0.775,0
S16,127,2.3583333333333334,1
S16,128,1.4583333333333333,0
S16,129,0.8833333333333333,0
S16,130,2.25,0
S16,131,2.1416666666666666,1
S16,132,1.1166666666666667,0
S16,133,1.025,0
S16,134,0.6083333333333333,0
S16,135,0.55,0
S16,136,0.35833333333333334,0
S16,137,0.36666666666666664,0
S16,138,0.8583333333333333,0
S16,139,0.6,0
S16,140,1.1666666666666667,0
S16,141,1.5916666666666666,0
S16,142,0.5083333333333333,0
S16,143,1.7666666666666666,0
S16,144,4.175,1
S17,1,1.425,0
S17,2,3.7416666666666667,1
S17,3,1.0916666666666666,0
S17,4,0.275,0
S17,5,0.45,0
S17,6,1.1500000000000001,0
S17,7,1.775,0
S17,8,2.1166666666666667,1
S17,9,1.0833333333333335,0
S17,10,0.6166666666666667,0
S17,11,0.5083333333333333,0
S17,12,0.35,0
S17,13,2.5166666666666666,0
S17,14,0.875,0
S17,15,0.0,0
S17,16,4.858333333333333,1
S17,17,0.9166666666666666,0
S17,18,0.9666666666666667,0
S17,19,1.5166666666666666,0
S17,20,2.658333333333333,1
S17,21,0.35833333333333334,0
S17,22,1.1083333333333334,0
S17,23,0.35833333333333334,0
S17,24,0.2916666666666667,0
S17,25,0.2833333333333333,0
S17,26,1.2833333333333334,0
S17,27,0.8833333333333333,0
S17,28,1.8666666666666667,1
S17,29,2.4166666666666665,0
S17,30,1.5,0
S17,31,1.5916666666666666,1
S17,32,2.4166666666666665,0
S17,33,0.7666666666666667,0
S17,34,1.475,0
S17,35,0.0,0
S17,36,0.041666666666666664,0
S17,37,1.075,0
S17,38,1.575,1
S17,39,0.25,0
S17,40,0.25,0
S17,41,0.35833333333333334,0
S17,42,0.0,0
S17,43,0.6333333333333333,0
S17,44,0.9416666666666667,0
S17,45,0.7333333333333333,0
S17,46,0.5166666666666667,0
S17,47,0.24166666666666667,0
S17,48,0.0,0
S17,49,1.1333333333333333,0
S17,50,1.0083333333333333,0
S17,51,0.325,0
S17,52,1.1583333333333334,0
S17,53,1.9833333333333334,1
S17,54,0.4083333333333333,0
S17,55,0.575,0
S17,56,1.35,0
S17,57,0.075,0
S17,58,1.45,1
S17,59,0.38333333333333336,0
S17,60,0.2916666666666667,0
S17,61,0.4,0
S17,62,0.48333333333333334,0
S17,63,0.525,0
S17,64,0.525,0
S17,65,1.2666666666666666,0
S17,66,0.8666666666666667,0
S17,67,0.7166666666666667,0
S17,68,3.4583333333333335,1
S17,69,0.55,0
S17,70,0.3,0
S17,71,0.6666666666666666,0
S17,72,1.1666666666666667,1
S17,73,0.5416666666666666,0
S17,74,0.30833333333333335,0
S17,75,0.6166666666666667,0
S17,76,0.18333333333333332,0
S17,77,0.5,0
S17,78,0.15833333333333333,0
S17,79,1.2416666666666667,0
S17,80,0.275,0
S17,81,0.7916666666666666,0
S17,82,0.575,0
S17,83,0.6583333333333333,0
S17,84,0.225,0
S17,85,0.36666666666666664,0
S17,86,0.4166666666666667,0
S17,87,0.11666666666666667,0
S17,88,0.575,0
S17,89,0.2,0
S17,90,0.0,0
S17,91,1.0583333333333333,0
S17,92,0.225,0
S17,93,0.0,0
S17,94,0.25833333333333336,0
S17,95,0.3333333333333333,0
S17,96,0.3416666666666667,0
S17,97,0.5416666666666666,0
S17,98,0.6583333333333333,0
S17,99,1.6916666666666667,1
S17,100,1.4416666666666667,1
S17,101,1.575,0
S17,102,0.125,0
S17,103,1.3083333333333333,0
S17,104,4.6,1
S17,105,0.4666666666666667,0
S17,106,2.2666666666666666,1
S17,107,0.4,0
S17,108,0.016666666666666666,0
S17,109,0.325,0
S17,110,1.075,0
S17,111,0.9916666666666667,0
S17,112,0.23333333333333334,0
S17,113,1.0083333333333333,0
S17,114,2.2,1
S17,115,0.36666666666666664,0
S17,116,3.55,1
S17,117,0.041666666666666664,0
S17,118,0.008333333333333333,0
S17,119,3.6,1
S17,120,2.0833333333333335,0
S17,121,2.033333333333333,1
S17,122,1.35,0
S17,123,1.1333333333333333,0
S17,124,2.5083333333333333,0
S17,125,0.5,0
S17,126,1.2916666666666667,0
S17,127,1.0416666666666667,0
S17,128,0.5916666666666667,0
S17,129,0.5916666666666667,0
S17,130,0.5583333333333333,0
S17,131,1.9083333333333334,1
S17,132,0.925,0
S17,133,2.033333333333333,0
S17,134,0.26666666666666666,0
S17,135,0.6916666666666667,0
S17,136,2.9,0
S17,137,0.975,0
S17,138,0.03333333333333333,0
S17,139,0.48333333333333334,0
S17,140,0.425,0
S17,141,0.55,0
S17,142,1.525,1
S17,143,0.5333333333333333,0
S17,144,0.7166666666666667,0
S18,1,3.1916666666666664,0
S18,2,4.9833333333333325,0
S18,3,5.441666666666666,0
S18,4,3.333333333333333,0
S18,5,1.3333333333333333,0
S18,6,5.625,1
S18,7,1.65,0
S18,8,6.708333333333334,0
S18,9,3.583333333333333,0
S18,10,3.4166666666666665,1
S18,11,0.9666666666666667,0
S18,12,0.8583333333333334,0
S18,13,2.9333333333333336,0
S18,14,2.125,0
S18,15,3.2333333333333334,0
S18,16,6.191666666666666,1
S18,17,4.1499999999999995,0
S18,18,1.9666666666666666,0
S18,19,1.3166666666666667,0
S18,20,1.5583333333333331,0
S18,21,1.3166666666666667,0
S18,22,0.775,0
S18,23,1.6583333333333334,0
S18,24,1.1416666666666666,0
S18,25,1.2166666666666668,0
S18,26,1.6,0
S18,27,1.0333333333333332,0
S18,28,1.125,0
S18,29,1.7083333333333333,0
S18,30,0.6583333333333333,0
S18,31,4.741666666666667,0
S18,32,3.416666666666667,0
S18,33,17.041666666666668,1
S18,34,5.0249999999999995,0
S18,35,9.591666666666667,0
S18,36,2.558333333333333,0
S18,37,1.7583333333333333,0
S18,38,1.3,0
S18,39,1.9166666666666665,0
S18,40,0.7833333333333333,0
S18,41,1.075,0
S18,42,1.225,0
S18,43,0.9666666666666667,0
S18,44,0.6083333333333333,0
S18,45,0.65,0
S18,46,1.6833333333333333,0
S18,47,1.4,0
S18,48,0.2,0
S18,49,3.0500000000000003,0
S18,50,3.75,1
S18,51,2.341666666666667,0
S18,52,1.8916666666666666,0
S18,53,1.7416666666666667,0
S18,54,1.4,0
S18,55,2.75,0
S18,56,2.416666666666667,0
S18,57,2.225,0
S18,58,3.4833333333333334,0
S18,59,4.0,0
S18,60,1.9,0
S18,61,3.6333333333333333,0
S18,62,1.5583333333333333,0
S18,63,4.65,0
S18,64,6.8999999999999995,1
S18,65,1.6333333333333333,0
S18,66,1.025,0
S18,67,6.766666666666667,1
S18,68,3.9916666666666667,1
S18,69,4.958333333333334,0
S18,70,3.3916666666666666,0
S18,71,2.3916666666666666,0
S18,72,4.358333333333333,0
S18,73,1.7083333333333333,0
S18,74,1.1416666666666666,0
S18,75,4.458333333333334,1
S18,76,1.3583333333333334,0
S18,77,2.35,0
S18,78,1.7833333333333332,0
S18,79,1.4083333333333332,0
S18,80,0.6000000000000001,0
S18,81,0.058333333333333334,0
S18,82,1.6166666666666667,0
S18,83,0.5083333333333333,0
S18,84,0.6083333333333333,0
S18,85,2.041666666666667,0
S18,86,2.775,0
S18,87,2.058333333333333,0
S18,88,2.483333333333333,1
S18,89,0.008333333333333333,0
S18,90,1.1166666666666667,0
S18,91,0.2916666666666667,0
S18,92,0.8416666666666667,0
S18,93,0.9833333333333334,0
S18,94,0.016666666666666666,0
S18,95,0.20833333333333334,0
S18,96,0.6666666666666667,0
S18,97,3.9333333333333336,0
S18,98,5.583333333333334,0
S18,99,14.133333333333333,1
S18,100,6.191666666666666,0
S18,101,6.708333333333334,1
S18,102,7.058333333333333,0
S18,103,4.966666666666667,1
S18,104,5.825,0
S18,105,3.158333333333333,0
S18,106,3.0166666666666666,0
S18,107,2.2083333333333335,0
S18,108,1.1916666666666667,0
S18,109,2.7583333333333337,0
S18,110,5.041666666666666,1
S18,111,1.175,0
S18,112,4.066666666666666,0
S18,113,8.158333333333333,0
S18,114,3.3833333333333333,1
S18,115,10.216666666666667,1
S18,116,5.391666666666667,0
S18,117,9.0,0
S18,118,3.9166666666666665,0
S18,119,6.083333333333334,0
S18,120,12.058333333333334,1
S18,121,1.275,0
S18,122,2.308333333333333,0
S18,123,1.7916666666666667,0
S18,124,4.266666666666667,1
S18,125,2.8583333333333334,0
S18,126,2.275,0
S18,127,4.225,1
S18,128,3.9916666666666667,0
S18,129,1.4000000000000001,0
S18,130,0.7416666666666667,0
S18,131,0.75,0
S18,132,0.06666666666666667,0
S18,133,2.3583333333333334,0
S18,134,2.658333333333333,0
S18,135,2.075,0
S18,136,1.4,0
S18,137,2.408333333333333,0
S18,138,1.925,0
S18,139,1.5999999999999999,0
S18,140,0.9333333333333333,0
S18,141,1.5666666666666667,0
S18,142,0.3916666666666667,0
S18,143,0.5166666666666667,0
S18,144,0.7916666666666666,0
S19,1,5.341666666666668,0
S19,2,5.875,0
S19,3,5.116666666666667,0
S19,4,1.2166666666666666,0
S19,5,1.9666666666666666,0
S19,6,3.625,0
S19,7,1.375,0
S19,8,0.7416666666666667,0
S19,9,1.6166666666666667,0
S19,10,0.525,0
S19,11,2.075,0
S19,12,2.2,0
S19,13,4.783333333333333,0
S19,14,6.425,1
S19,15,8.766666666666666,0
S19,16,5.358333333333333,0
S19,17,2.875,0
S19,18,1.6916666666666667,0
S19,19,1.8833333333333333,0
S19,20,4.824999999999999,1
S19,21,2.933333333333333,0
S19,22,1.525,0
S19,23,2.2666666666666666,0
S19,24,1.9583333333333333,0
S19,25,2.0583333333333336,0
S19,26,3.2333333333333334,0
S19,27,2.1583333333333337,0
S19,28,4.583333333333334,1
S19,29,3.8500000000000005,0
S19,30,3.3000000000000003,0
S19,31,2.8583333333333334,0
S19,32,1.4083333333333332,0
S19,33,1.6583333333333334,0
S19,34,6.708333333333334,1
S19,35,3.6416666666666666,0
S19,36,3.408333333333333,0
S19,37,2.8916666666666666,0
S19,38,2.5666666666666664,0
S19,39,5.725,1
S19,40,3.8083333333333336,0
S19,41,3.033333333333333,0
S19,42,3.025,0
S19,43,2.0250000000000004,0
S19,44,2.6083333333333334,0
S19,45,2.05,0
S19,46,1.75,0
S19,47,1.05,0
S19,48,0.8250000000000001,0
S19,49,4.858333333333333,0
S19,50,10.858333333333334,1
S19,51,1.6166666666666667,0
S19,52,1.2166666666666666,0
S19,53,3.625,0
S19,54,3.5416666666666665,0
S19,55,4.4,0
S19,56,2.575,0
S19,57,2.041666666666667,0
S19,58,3.2583333333333337,0
S19,59,7.025,0
S19,60,1.9,0
S19,61,1.475,0
S19,62,1.6166666666666667,0
S19,63,1.8083333333333333,0
S19,64,3.025,0
S19,65,5.208333333333334,0
S19,66,0.8916666666666666,0
S19,67,2.0833333333333335,0
S19,68,6.083333333333333,0
S19,69,4.725,0
S19,70,4.375,0
S19,71,10.899999999999999,1
S19,72,2.8833333333333333,0
S19,73,1.2583333333333333,0
S19,74,2.1750000000000003,0
S19,75,1.7666666666666666,0
S19,76,1.3583333333333334,0
S19,77,1.0499999999999998,0
S19,78,1.1666666666666667,0
S19,79,1.0833333333333335,0
S19,80,0.7083333333333333,0
S19,81,0.8916666666666667,0
S19,82,0.725,0
S19,83,0.7166666666666666,0
S19,84,0.5833333333333333,0
S19,85,3.3833333333333337,0
S19,86,1.775,0
S19,87,4.141666666666667,0
S19,88,0.8916666666666667,0
S19,89,5.425000000000001,0
S19,90,2.433333333333333,0
S19,91,1.3166666666666667,0
S19,92,0.075,0
S19,93,1.8166666666666664,0
S19,94,1.1583333333333332,0
S19,95,2.5083333333333333,0
S19,96,1.2166666666666666,0
S19,97,15.283333333333333,1
S19,98,2.475,0
S19,99,2.0083333333333333,0
S19,100,1.7416666666666667,0
S19,101,3.033333333333333,0
S19,102,1.1333333333333333,0
S19,103,3.658333333333333,1
S19,104,1.4666666666666666,0
S19,105,4.908333333333333,0
S19,106,1.6916666666666664,0
S19,107,4.516666666666667,0
S19,108,4.441666666666666,0
S19,109,1.575,0
S19,110,1.4666666666666668,0
S19,111,0.8,0
S19,112,1.1083333333333334,0
S19,113,0.5166666666666667,0
S19,114,0.25833333333333336,0
S19,115,4.708333333333334,1
S19,116,2.4666666666666663,0
S19,117,3.0166666666666666,0
S19,118,4.233333333333333,0
S19,119,1.8333333333333335,0
S19,120,3.816666666666667,0
S19,121,1.7999999999999998,0
S19,122,1.4333333333333336,0
S19,123,0.75,0
S19,124,1.175,0
S19,125,0.9750000000000001,0
S19,126,0.8250000000000001,0
S19,127,5.891666666666667,0
S19,128,5.191666666666666,0
S19,129,1.1416666666666666,0
S19,130,8.25,1
S19,131,2.65,0
S19,132,3.4750000000000005,0
S19,133,3.1916666666666664,0
S19,134,3.35,0
S19,135,0.8999999999999999,0
S19,136,0.5583333333333333,0
S19,137,6.408333333333333,1
S19,138,0.5,0
S19,139,1.6416666666666666,0
S19,140,2.783333333333333,0
S19,141,4.641666666666667,0
S19,142,2.9916666666666663,0
S19,143,5.2,0
S19,144,3.3583333333333334,0
S20,1,3.408333333333333,0
S20,2,3.4000000000000004,0
S20,3,2.391666666666667,0
S20,4,1.4333333333333333,0
S20,5,2.9916666666666667,0
S20,6,4.208333333333334,0
S20,7,1.05,0
S20,8,4.975,0
S20,9,3.8666666666666667,0
S20,10,1.2916666666666667,0
S20,11,2.4,0
S20,12,2.5500000000000003,0
S20,13,4.9,1
S20,14,1.3583333333333334,0
S20,15,0.3,0
S20,16,1.8916666666666666,0
S20,17,0.7,0
S20,18,0.85,0
S20,19,1.9666666666666666,0
S20,20,0.8416666666666667,0
S20,21,1.8333333333333333,0
S20,22,0.8,0
S20,23,2.2333333333333334,0
S20,24,7.441666666666666,1
S20,25,2.3916666666666666,0
S20,26,1.1333333333333333,0
S20,27,0.7666666666666667,0
S20,28,0.55,0
S20,29,1.8583333333333334,0
S20,30,1.625,0
S20,31,2.9166666666666665,1
S20,32,3.6,0
S20,33,6.291666666666667,0
S20,34,1.6083333333333334,0
S20,35,5.141666666666667,1
S20,36,2.466666666666667,0
S20,37,1.9833333333333334,0
S20,38,1.2166666666666666,0
S20,39,1.55,0
S20,40,4.616666666666666,0
S20,41,1.8416666666666666,0
S20,42,1.5916666666666666,0
S20,43,3.6166666666666667,0
S20,44,0.575,0
S20,45,0.65,0
S20,46,3.75,0
S20,47,1.6166666666666667,0
S20,48,0.7083333333333334,0
S20,49,1.2666666666666666,0
S20,50,3.466666666666667,1
S20,51,1.5166666666666666,0
S20,52,0.5166666666666667,0
S20,53,0.725,0
S20,54,1.9416666666666667,0
S20,55,0.7583333333333333,0
S20,56,1.1083333333333334,0
S20,57,0.4583333333333333,0
S20,58,3.9166666666666665,1
S20,59,0.4583333333333333,0
S20,60,1.1333333333333333,0
S20,61,4.008333333333334,1
S20,62,2.441666666666667,0
S20,63,1.1166666666666667,0
S20,64,1.7,0
S20,65,0.975,0
S20,66,0.775,0
S20,67,1.6416666666666666,0
S20,68,3.0,1
S20,69,3.2666666666666666,0
S20,70,2.175,0
S20,71,3.908333333333333,1
S20,72,2.058333333333333,0
S20,73,0.6833333333333333,0
S20,74,0.8833333333333333,0
S20,75,0.38333333333333336,0
S20,76,0.25,0
S20,77,0.39166666666666666,0
S20,78,0.95,0
S20,79,0.6333333333333333,0
S20,80,1.125,0
S20,81,0.49166666666666664,0
S20,82,3.8333333333333335,1
S20,83,0.95,0
S20,84,0.3416666666666667,0
S20,85,3.4,1
S20,86,0.6583333333333333,0
S20,87,1.0333333333333334,0
S20,88,1.1166666666666667,0
S20,89,0.48333333333333334,0
S20,90,0.5416666666666666,0
S20,91,0.575,0
S20,92,0.38333333333333336,0
S20,93,0.39166666666666666,0
S20,94,0.5166666666666667,0
S20,95,0.5,0
S20,96,0.2916666666666667,0
S20,97,1.3333333333333333,0
S20,98,0.6916666666666667,0
S20,99,4.025,0
S20,100,2.675,1
S20,101,3.8833333333333333,0
S20,102,4.591666666666667,0
S20,103,1.8166666666666667,0
S20,104,3.4916666666666667,1
S20,105,2.95,1
S20,106,1.5333333333333334,0
S20,107,0.5833333333333334,0
S20,108,0.7833333333333333,0
S20,109,0.85,0
S20,110,2.6666666666666665,0
S20,111,2.95,0
S20,112,0.7333333333333333,0
S20,113,0.6666666666666666,0
S20,114,2.35,0
S20,115,2.4,0
S20,116,1.3583333333333334,0
S20,117,4.2,0
S20,118,2.4166666666666665,0
S20,119,0.5916666666666667,0
S20,120,6.025,0
S20,121,0.475,0
S20,122,0.48333333333333334,0
S20,123,0.7583333333333333,0
S20,124,0.0,0
S20,125,2.075,0
S20,126,1.15,0
S20,127,1.0083333333333333,0
S20,128,0.575,0
S20,129,1.1083333333333334,0
S20,130,0.4,0
S20,131,0.2916666666666667,0
S20,132,7.141666666666667,1
S20,133,0.8416666666666667,0
S20,134,0.5166666666666667,0
S20,135,3.875,0
S20,136,0.925,0
S20,137,2.1,0
S20,138,1.25,0
S20,139,0.3416666666666667,0
S20,140,0.38333333333333336,0
S20,141,0.425,0
S20,142,0.44166666666666665,0
S20,143,0.45,0
S20,144,0.325,0
S21,1,4.108333333333333,0
S21,2,1.8666666666666667,0
S21,3,1.0083333333333333,0
S21,4,0.44166666666666665,0
S21,5,0.55,0
S21,6,1.0833333333333333,0
S21,7,1.5666666666666667,0
S21,8,1.2666666666666666,0
S21,9,1.6833333333333333,0
S21,10,2.916666666666667,1
S21,11,1.15,0
S21,12,0.016666666666666666,0
S21,13,2.433333333333333,0
S21,14,3.3833333333333333,0
S21,15,2.6166666666666667,0
S21,16,0.2833333333333333,0
S21,17,2.9916666666666667,1
S21,18,0.25833333333333336,0
S21,19,1.625,0
S21,20,1.2583333333333333,0
S21,21,1.3833333333333333,0
S21,22,0.03333333333333333,0
S21,23,0.06666666666666667,0
S21,24,6.5249999999999995,1
S21,25,0.525,0
S21,26,0.5333333333333333,0
S21,27,0.5083333333333333,0
S21,28,0.008333333333333333,0
S21,29,0.3,0
S21,30,0.8416666666666667,0
S21,31,4.791666666666667,1
S21,32,1.2583333333333333,0
S21,33,0.675,0
S21,34,1.075,0
S21,35,2.5833333333333335,1
S21,36,0.48333333333333334,0
S21,37,1.7416666666666667,0
S21,38,0.23333333333333334,0
S21,39,2.575,0
S21,40,0.5333333333333333,0
S21,41,1.2166666666666666,0
S21,42,0.4583333333333333,0
S21,43,0.9083333333333333,0
S21,44,1.025,0
S21,45,0.6,0
S21,46,1.1833333333333333,0
S21,47,0.39166666666666666,0
S21,48,1.7,0
S21,49,3.05,1
S21,50,1.55,0
S21,51,1.2666666666666666,0
S21,52,1.1916666666666667,0
S21,53,0.6833333333333333,0
S21,54,0.7916666666666666,0
S21,55,0.5833333333333334,0
S21,56,1.0166666666666666,0
S21,57,0.8833333333333333,0
S21,58,3.225,1
S21,59,0.8916666666666667,0
S21,60,1.1,0
S21,61,0.8916666666666667,0
S21,62,0.725,0
S21,63,0.8666666666666667,0
S21,64,2.2083333333333335,1
S21,65,0.008333333333333333,0
S21,66,0.2,0
S21,67,0.5916666666666667,0
S21,68,1.1666666666666667,1
S21,69,1.625,0
S21,70,0.2833333333333333,0
S21,71,0.025,0
S21,72,1.4333333333333333,1
S21,73,1.4583333333333333,0
S21,74,1.5583333333333333,0
S21,75,1.1666666666666667,0
S21,76,0.65,0
S21,77,0.475,0
S21,78,0.35833333333333334,0
S21,79,0.21666666666666667,0
S21,80,0.2833333333333333,0
S21,81,0.9083333333333333,0
S21,82,2.0,1
S21,83,0.5166666666666667,0
S21,84,0.525,0
S21,85,0.95,0
S21,86,2.8333333333333335,1
S21,87,1.5333333333333334,0
S21,88,2.058333333333333,0
S21,89,2.3583333333333334,1
S21,90,0.425,0
S21,91,0.8,0
S21,92,0.016666666666666666,0
S21,93,0.30833333333333335,0
S21,94,0.14166666666666666,0
S21,95,0.49166666666666664,0
S21,96,0.8,0
S21,97,0.6916666666666667,0
S21,98,0.9083333333333333,0
S21,99,0.9166666666666666,0
S21,100,1.5333333333333334,0
S21,101,1.3916666666666666,0
S21,102,2.066666666666667,1
S21,103,4.025,1
S21,104,3.05,0
S21,105,0.35,0
S21,106,1.8166666666666667,1
S21,107,0.008333333333333333,0
S21,108,1.7583333333333333,0
S21,109,1.1083333333333334,0
S21,110,0.016666666666666666,0
S21,111,3.6166666666666667,1
S21,112,0.016666666666666666,0
S21,113,1.275,0
S21,114,0.6666666666666666,0
S21,115,0.8166666666666667,0
S21,116,1.4583333333333333,0
S21,117,4.283333333333333,1
S21,118,0.675,0
S21,119,1.2583333333333333,0
S21,120,3.033333333333333,0
S21,121,0.9083333333333333,0
S21,122,1.8416666666666666,0
S21,123,2.2083333333333335,1
S21,124,1.175,0
S21,125,0.8666666666666667,0
S21,126,0.7166666666666667,0
S21,127,4.608333333333333,1
S21,128,2.7916666666666665,0
S21,129,0.0,0
S21,130,0.6583333333333333,0
S21,131,2.816666666666667,1
S21,132,0.15833333333333333,0
S21,133,0.6166666666666667,0
S21,134,0.95,0
S21,135,0.8166666666666667,0
S21,136,0.9083333333333333,0
S21,137,2.35,1
S21,138,0.4,0
S21,139,2.45,1
S21,140,0.11666666666666667,0
S21,141,0.275,0
S21,142,1.25,0
S21,143,1.575,0
S21,144,0.5666666666666667,0
S22,1,1.375,0
S22,2,1.0,0
S22,3,0.6083333333333334,0
S22,4,1.3333333333333333,0
S22,5,0.9083333333333333,0
S22,6,1.8833333333333333,0
S22,7,1.0666666666666667,0
S22,8,1.525,1
S22,9,1.7833333333333332,0
S22,10,0.42500000000000004,0
S22,11,0.8416666666666668,0
S22,12,1.5,0
S22,13,1.2416666666666667,0
S22,14,2.216666666666667,1
S22,15,0.8583333333333333,0
S22,16,2.7583333333333333,0
S22,17,0.45,0
S22,18,0.15,0
S22,19,1.4833333333333334,0
S22,20,1.7916666666666667,0
S22,21,2.175,1
S22,22,0.8083333333333333,0
S22,23,0.6833333333333333,1
S22,24,0.7666666666666667,0
S22,25,1.1833333333333333,0
S22,26,1.5166666666666666,0
S22,27,3.25,1
S22,28,1.2083333333333333,0
S22,29,1.925,1
S22,30,1.1166666666666667,0
S22,31,1.375,0
S22,32,1.55,1
S22,33,0.225,0
S22,34,0.31666666666666665,0
S22,35,0.8,0
S22,36,0.225,0
S22,37,2.525,1
S22,38,2.1833333333333336,0
S22,39,0.21666666666666667,0
S22,40,0.4916666666666667,0
S22,41,0.9666666666666666,0
S22,42,0.26666666666666666,0
S22,43,0.6083333333333334,0
S22,44,0.875,0
S22,45,0.5,0
S22,46,0.18333333333333335,0
S22,47,0.55,0
S22,48,0.5833333333333333,0
S22,49,1.0916666666666666,0
S22,50,2.533333333333333,1
S22,51,2.7583333333333333,1
S22,52,0.925,0
S22,53,0.9,0
S22,54,0.5666666666666667,0
S22,55,0.016666666666666666,0
S22,56,0.675,0
S22,57,0.6583333333333333,0
S22,58,0.7833333333333333,0
S22,59,0.75,0
S22,60,0.2666666666666667,0
S22,61,1.9000000000000001,1
S22,62,1.1416666666666666,0
S22,63,1.5166666666666666,1
S22,64,1.3666666666666667,0
S22,65,0.425,0
S22,66,0.2833333333333333,0
S22,67,1.3916666666666666,0
S22,68,1.55,1
S22,69,0.3333333333333333,0
S22,70,0.5083333333333333,0
S22,71,1.275,1
S22,72,4.975,1
S22,73,0.3333333333333333,0
S22,74,0.6833333333333333,0
S22,75,0.9916666666666667,0
S22,76,0.39166666666666666,0
S22,77,0.175,0
S22,78,0.7999999999999999,0
S22,79,0.6416666666666667,0
S22,80,0.9333333333333333,0
S22,81,0.7333333333333334,0
S22,82,0.9000000000000001,0
S22,83,0.3666666666666667,0
S22,84,0.016666666666666666,0
S22,85,0.7,0
S22,86,2.533333333333333,1
S22,87,1.1166666666666667,0
S22,88,1.6,0
S22,89,0.9750000000000001,0
S22,90,0.8333333333333333,0
S22,91,0.016666666666666666,0
S22,92,0.7166666666666667,0
S22,93,0.275,0
S22,94,0.008333333333333333,0
S22,95,0.2833333333333334,0
S22,96,0.4,0
S22,97,0.43333333333333335,0
S22,98,0.5083333333333333,0
S22,99,0.6416666666666666,0
S22,100,0.35833333333333334,0
S22,101,1.175,0
S22,102,1.725,1
S22,103,0.175,0
S22,104,0.18333333333333332,0
S22,105,0.30833333333333335,0
S22,106,0.19166666666666668,0
S22,107,0.03333333333333333,0
S22,108,0.058333333333333334,0
S22,109,0.2833333333333334,0
S22,110,0.9916666666666667,0
S22,111,0.3333333333333333,0
S22,112,0.38333333333333336,0
S22,113,0.375,0
S22,114,0.45,0
S22,115,0.9916666666666667,0
S22,116,2.408333333333333,1
S22,117,0.016666666666666666,0
S22,118,1.1666666666666667,1
S22,119,0.5833333333333334,0
S22,120,0.4,0
S22,121,0.625,0
S22,122,0.42500000000000004,0
S22,123,0.3916666666666667,0
S22,124,0.20833333333333334,0
S22,125,0.35,0
S22,126,0.5083333333333333,0
S22,127,0.5166666666666667,0
S22,128,0.49166666666666664,0
S22,129,0.8416666666666667,0
S22,130,0.38333333333333336,0
S22,131,1.025,0
S22,132,2.875,0
S22,133,2.1666666666666665,0
S22,134,0.3333333333333333,0
S22,135,1.1333333333333333,0
S22,136,3.533333333333333,1
S22,137,2.2583333333333333,1
S22,138,0.6333333333333333,0
S22,139,0.775,0
S22,140,0.5416666666666666,0
S22,141,0.7583333333333333,0
S22,142,0.24166666666666667,0
S22,143,0.2,0
S22,144,0.24166666666666667,0
S23,1,3.55,0
S23,2,5.074999999999999,0
S23,3,2.183333333333333,0
S23,4,2.9916666666666667,0
S23,5,7.541666666666667,1
S23,6,7.675,0
S23,7,3.0083333333333333,0
S23,8,5.425,1
S23,9,3.2916666666666665,0
S23,10,1.8083333333333333,0
S23,11,4.458333333333333,0
S23,12,3.65,0
S23,13,2.2666666666666666,0
S23,14,2.4416666666666664,0
S23,15,0.7083333333333334,0
S23,16,5.758333333333333,0
S23,17,3.7666666666666666,0
S23,18,0.6833333333333333,0
S23,19,5.691666666666667,0
S23,20,6.275,1
S23,21,3.6999999999999997,0
S23,22,1.8916666666666668,0
S23,23,2.4833333333333334,0
S23,24,2.9583333333333335,0
S23,25,2.6666666666666665,0
S23,26,5.666666666666667,1
S23,27,2.5583333333333336,0
S23,28,2.475,0
S23,29,4.658333333333333,0
S23,30,2.841666666666667,0
S23,31,2.2916666666666665,0
S23,32,6.791666666666667,1
S23,33,3.691666666666667,0
S23,34,3.408333333333333,0
S23,35,1.8416666666666666,0
S23,36,1.5,0
S23,37,2.9583333333333335,0
S23,38,2.941666666666667,0
S23,39,2.1666666666666665,0
S23,40,8.725,1
S23,41,3.0416666666666665,0
S23,42,5.441666666666666,0
S23,43,4.241666666666666,0
S23,44,3.058333333333333,0
S23,45,3.5,0
S23,46,1.4833333333333334,0
S23,47,3.3,0
S23,48,2.408333333333333,0
S23,49,3.775,1
S23,50,1.6666666666666667,0
S23,51,1.4249999999999998,0
S23,52,1.2166666666666666,0
S23,53,3.125,0
S23,54,1.9916666666666667,0
S23,55,2.6333333333333333,0
S23,56,0.8250000000000001,0
S23,57,2.908333333333333,0
S23,58,5.616666666666666,0
S23,59,2.8916666666666666,0
S23,60,5.541666666666666,1
S23,61,1.9416666666666667,0
S23,62,2.1,0
S23,63,0.8833333333333333,0
S23,64,5.25,1
S23,65,2.658333333333333,0
S23,66,3.958333333333333,0
S23,67,3.691666666666667,0
S23,68,4.016666666666667,1
S23,69,5.158333333333333,0
S23,70,1.9,0
S23,71,1.4333333333333333,0
S23,72,6.7,0
S23,73,2.3666666666666667,0
S23,74,1.775,0
S23,75,1.375,0
S23,76,5.866666666666667,1
S23,77,3.441666666666667,0
S23,78,5.483333333333333,0
S23,79,2.5833333333333335,0
S23,80,0.9583333333333334,0
S23,81,2.4333333333333336,0
S23,82,3.1750000000000003,0
S23,83,1.975,0
S23,84,1.5583333333333333,0
S23,85,5.133333333333334,1
S23,86,3.433333333333333,0
S23,87,2.7,0
S23,88,3.3583333333333334,0
S23,89,4.733333333333333,1
S23,90,6.066666666666666,0
S23,91,3.4499999999999997,0
S23,92,1.3583333333333334,0
S23,93,2.4,0
S23,94,1.5916666666666666,0
S23,95,1.3333333333333333,0
S23,96,0.9416666666666667,0
S23,97,7.358333333333333,0
S23,98,6.041666666666667,1
S23,99,5.633333333333334,1
S23,100,3.966666666666667,0
S23,101,6.225,1
S23,102,5.35,0
S23,103,8.058333333333334,0
S23,104,9.3,1
S23,105,8.916666666666668,1
S23,106,4.691666666666666,0
S23,107,2.7,0
S23,108,5.583333333333333,0
S23,109,2.841666666666667,0
S23,110,4.608333333333333,0
S23,111,2.325,0
S23,112,2.816666666666667,0
S23,113,2.091666666666667,0
S23,114,4.666666666666667,1
S23,115,5.091666666666667,0
S23,116,6.383333333333334,0
S23,117,5.091666666666667,0
S23,118,12.158333333333333,1
S23,119,3.9833333333333334,0
S23,120,2.591666666666667,0
S23,121,1.9,0
S23,122,0.925,0
S23,123,0.7166666666666667,0
S23,124,0.775,0
S23,125,0.975,0
S23,126,3.416666666666667,0
S23,127,1.0333333333333334,0
S23,128,2.533333333333333,0
S23,129,2.341666666666667,0
S23,130,3.691666666666667,0
S23,131,7.233333333333333,1
S23,132,1.4749999999999999,0
S23,133,1.675,0
S23,134,2.466666666666667,0
S23,135,4.325,0
S23,136,0.8833333333333333,0
S23,137,1.4333333333333333,0
S23,138,2.5083333333333333,0
S23,139,3.3583333333333334,0
S23,140,2.033333333333333,0
S23,141,3.0666666666666664,0
S23,142,2.583333333333333,0
S23,143,3.275,0
S23,144,2.1,0
S24,1,4.683333333333333,0
S24,2,1.2000000000000002,0
S24,3,1.2249999999999999,0
S24,4,2.2333333333333334,0
S24,5,3.2666666666666666,0
S24,6,4.183333333333334,1
S24,7,1.3666666666666667,0
S24,8,0.45833333333333337,0
S24,9,1.3666666666666667,0
S24,10,2.0,1
S24,11,2.2916666666666665,0
S24,12,1.2666666666666666,0
S24,13,2.408333333333333,1
S24,14,2.6416666666666666,0
S24,15,1.4083333333333332,0
S24,16,2.3833333333333333,0
S24,17,1.8916666666666666,0
S24,18,1.3833333333333333,0
S24,19,3.3833333333333333,0
S24,20,2.65,0
S24,21,1.8833333333333333,0
S24,22,1.3833333333333333,0
S24,23,1.3416666666666666,0
S24,24,0.6416666666666666,0
S24,25,3.416666666666667,0
S24,26,0.975,0
S24,27,1.5166666666666666,0
S24,28,5.416666666666667,0
S24,29,2.625,0
S24,30,2.5,0
S24,31,2.8083333333333336,1
S24,32,4.05,0
S24,33,1.1166666666666667,0
S24,34,1.5083333333333333,0
S24,35,1.3583333333333334,0
S24,36,1.8833333333333333,0
S24,37,2.275,0
S24,38,0.675,0
S24,39,1.875,1
S24,40,4.4,1
S24,41,2.1666666666666665,0
S24,42,2.066666666666667,0
S24,43,0.7583333333333333,0
S24,44,1.5,0
S24,45,0.75,0
S24,46,1.55,0
S24,47,1.4583333333333333,1
S24,48,1.5083333333333333,0
S24,49,2.8499999999999996,0
S24,50,2.05,0
S24,51,2.1416666666666666,0
S24,52,2.7916666666666665,1
S24,53,2.308333333333333,0
S24,54,1.0166666666666666,0
S24,55,2.1,0
S24,56,2.1999999999999997,0
S24,57,1.6749999999999998,0
S24,58,3.0916666666666663,0
S24,59,1.5499999999999998,0
S24,60,1.5,0
S24,61,1.9166666666666665,0
S24,62,2.6416666666666666,0
S24,63,2.175,1
S24,64,1.7416666666666667,0
S24,65,0.26666666666666666,0
S24,66,1.3333333333333335,0
S24,67,2.5833333333333335,0
S24,68,2.0666666666666664,1
S24,69,1.3,0
S24,70,1.6833333333333333,0
S24,71,1.7333333333333334,0
S24,72,0.85,0
S24,73,1.6416666666666666,0
S24,74,1.3583333333333334,0
S24,75,1.6833333333333333,0
S24,76,2.3416666666666663,0
S24,77,1.2833333333333332,0
S24,78,2.4,0
S24,79,1.7666666666666668,0
S24,80,0.5499999999999999,0
S24,81,1.5333333333333332,0
S24,82,1.625,0
S24,83,1.05,0
S24,84,1.2666666666666666,0
S24,85,1.5166666666666666,0
S24,86,1.9166666666666667,0
S24,87,3.3249999999999997,1
S24,88,2.4,1
S24,89,2.425,0
S24,90,1.0416666666666667,0
S24,91,1.875,0
S24,92,1.375,0
S24,93,0.9333333333333333,0
S24,94,1.075,0
S24,95,0.49166666666666664,0
S24,96,0.5416666666666666,0
S24,97,2.083333333333333,0
S24,98,2.325,0
S24,99,3.0416666666666665,1
S24,100,1.9916666666666667,0
S24,101,3.6083333333333334,0
S24,102,3.4000000000000004,0
S24,103,2.05,0
S24,104,2.9833333333333334,1
S24,105,2.6999999999999997,0
S24,106,2.0416666666666665,0
S24,107,1.5,0
S24,108,1.8833333333333333,0
S24,109,1.5,0
S24,110,2.2083333333333335,0
S24,111,1.2166666666666666,0
S24,112,1.4916666666666667,0
S24,113,1.7666666666666666,0
S24,114,1.3666666666666667,1
S24,115,3.091666666666667,0
S24,116,1.3499999999999999,0
S24,117,0.45,0
S24,118,0.7583333333333333,0
S24,119,2.183333333333333,0
S24,120,1.3583333333333332,0
S24,121,4.408333333333333,0
S24,122,1.5666666666666667,0
S24,123,1.325,0
S24,124,1.125,0
S24,125,1.1,0
S24,126,2.425,0
S24,127,2.6083333333333334,1
S24,128,1.525,0
S24,129,1.075,0
S24,130,7.783333333333333,1
S24,131,2.1416666666666666,0
S24,132,0.7583333333333333,0
S24,133,1.9083333333333334,0
S24,134,1.4833333333333334,0
S24,135,0.35,0
S24,136,2.125,0
S24,137,1.1333333333333333,0
S24,138,0.7166666666666667,0
S24,139,1.75,0
S24,140,1.55,0
S24,141,0.7666666666666667,0
S24,142,1.0666666666666667,0
S24,143,2.4916666666666667,0
S24,144,2.525,1
S25,1,2.3833333333333337,0
S25,2,1.6083333333333334,0
S25,3,1.6916666666666669,0
S25,4,1.5333333333333334,0
S25,5,1.1416666666666666,0
S25,6,2.7666666666666666,0
S25,7,1.1166666666666667,0
S25,8,4.366666666666667,1
S25,9,2.033333333333333,0
S25,10,1.4916666666666667,0
S25,11,0.9,0
S25,12,0.6,0
S25,13,2.716666666666667,0
S25,14,1.1666666666666667,0
S25,15,0.9,0
S25,16,3.141666666666666,1
S25,17,3.225,0
S25,18,1.3916666666666666,0
S25,19,0.9583333333333334,0
S25,20,1.025,0
S25,21,0.8416666666666667,0
S25,22,1.0,0
S25,23,2.341666666666667,0
S25,24,2.7083333333333335,0
S25,25,0.5083333333333333,0
S25,26,0.7833333333333333,0
S25,27,0.5083333333333333,0
S25,28,1.475,0
S25,29,1.0,0
S25,30,2.0,0
S25,31,2.7,1
S25,32,0.7583333333333333,0
S25,33,1.1416666666666666,0
S25,34,1.6583333333333332,0
S25,35,1.05,0
S25,36,1.05,0
S25,37,1.5416666666666667,0
S25,38,1.2833333333333332,0
S25,39,1.5333333333333332,0
S25,40,1.8833333333333333,0
S25,41,2.25,0
S25,42,1.6166666666666667,0
S25,43,0.9833333333333334,0
S25,44,0.7083333333333333,0
S25,45,0.30833333333333335,0
S25,46,1.1166666666666667,0
S25,47,1.1333333333333333,0
S25,48,1.1416666666666666,0
S25,49,0.8083333333333333,0
S25,50,0.8916666666666667,0
S25,51,1.1583333333333332,0
S25,52,1.2083333333333335,0
S25,53,0.5333333333333333,0
S25,54,0.9833333333333334,0
S25,55,0.9249999999999999,0
S25,56,1.175,0
S25,57,0.525,0
S25,58,1.3333333333333335,0
S25,59,1.3083333333333333,0
S25,60,0.75,0
S25,61,0.6416666666666667,0
S25,62,0.6666666666666667,0
S25,63,1.0583333333333333,0
S25,64,1.6749999999999998,0
S25,65,0.9249999999999999,0
S25,66,0.325,0
S25,67,0.8166666666666667,0
S25,68,0.5833333333333334,0
S25,69,0.6166666666666667,0
S25,70,1.0083333333333333,0
S25,71,0.7333333333333334,0
S25,72,0.39166666666666666,0
S25,73,1.5,0
S25,74,0.45,0
S25,75,0.8666666666666667,0
S25,76,0.6833333333333333,0
S25,77,0.9000000000000001,0
S25,78,1.5416666666666667,0
S25,79,0.20833333333333334,0
S25,80,0.625,0
S25,81,0.6,0
S25,82,0.5666666666666667,0
S25,83,0.04166666666666667,0
S25,84,0.9750000000000001,0
S25,85,1.2916666666666665,0
S25,86,0.825,0
S25,87,1.2999999999999998,0
S25,88,0.6583333333333333,0
S25,89,0.03333333333333333,0
S25,90,0.3333333333333333,0
S25,91,0.25833333333333336,0
S25,92,0.6583333333333333,0
S25,93,0.275,0
S25,94,0.675,0
S25,95,0.058333333333333334,0
S25,96,0.7916666666666666,0
S25,97,2.066666666666667,0
S25,98,1.6333333333333333,0
S25,99,4.183333333333334,0
S25,100,0.575,0
S25,101,2.0083333333333333,0
S25,102,7.225,1
S25,103,0.7,0
S25,104,0.7583333333333333,0
S25,105,1.0833333333333333,0
S25,106,0.4583333333333333,0
S25,107,0.9916666666666667,0
S25,108,1.0499999999999998,0
S25,109,1.175,0
S25,110,1.1416666666666666,0
S25,111,1.1833333333333333,0
S25,112,1.35,0
S25,113,0.9,0
S25,114,1.3166666666666667,0
S25,115,2.7583333333333337,1
S25,116,1.3916666666666666,0
S25,117,1.15,0
S25,118,0.725,0
S25,119,1.0416666666666667,0
S25,120,1.1916666666666667,0
S25,121,0.8166666666666667,0
S25,122,0.7333333333333334,0
S25,123,0.6083333333333334,0
S25,124,0.925,0
S25,125,1.6,0
S25,126,1.0333333333333332,0
S25,127,0.75,0
S25,128,1.0166666666666666,0
S25,129,2.308333333333333,0
S25,130,1.5166666666666666,0
S25,131,1.6416666666666668,0
S25,132,0.9500000000000001,0
S25,133,0.8166666666666667,0
S25,134,1.6083333333333334,0
S25,135,0.6916666666666667,0
S25,136,2.8666666666666667,1
S25,137,0.6166666666666667,0
S25,138,0.8083333333333333,0
S25,139,0.6916666666666667,0
S25,140,0.5666666666666667,0
S25,141,0.8666666666666666,0
S25,142,1.0416666666666665,0
S25,143,1.6583333333333332,0
S25,144,4.733333333333333,1
S26,1,4.275,1
S26,2,1.4249999999999998,0
S26,3,0.8916666666666666,0
S26,4,1.4666666666666666,0
S26,5,2.6333333333333333,1
S26,6,2.825,1
S26,7,1.1083333333333334,0
S26,8,2.125,0
S26,9,1.7833333333333332,1
S26,10,0.6833333333333333,1
S26,11,0.3666666666666667,0
S26,12,0.25,0
S26,13,0.85,0
S26,14,0.325,0
S26,15,0.0,0
S26,16,0.8916666666666667,0
S26,17,1.3916666666666666,0
S26,18,0.6583333333333333,0
S26,19,0.7416666666666667,0
S26,20,0.008333333333333333,0
S26,21,0.4416666666666667,0
S26,22,0.8166666666666667,0
S26,23,0.725,0
S26,24,0.5583333333333333,0
S26,25,1.0916666666666666,0
S26,26,1.1833333333333333,1
S26,27,0.8,0
S26,28,1.1916666666666667,1
S26,29,2.2333333333333334,1
S26,30,1.6583333333333334,0
S26,31,0.8333333333333334,0
S26,32,0.5333333333333333,0
S26,33,0.025,0
S26,34,0.975,0
S26,35,0.03333333333333333,0
S26,36,0.6166666666666667,0
S26,37,0.825,0
S26,38,0.8916666666666667,1
S26,39,0.5916666666666667,1
S26,40,1.0,0
S26,41,0.95,1
S26,42,0.008333333333333333,0
S26,43,0.008333333333333333,0
S26,44,0.4083333333333333,0
S26,45,0.6583333333333333,0
S26,46,0.4083333333333333,1
S26,47,3.1666666666666665,0
S26,48,0.43333333333333335,0
S26,49,0.95,0
S26,50,0.175,0
S26,51,0.26666666666666666,0
S26,52,0.4,0
S26,53,0.35,0
S26,54,0.6916666666666667,0
S26,55,0.375,0
S26,56,0.2916666666666667,0
S26,57,0.041666666666666664,0
S26,58,0.6583333333333333,1
S26,59,0.6666666666666666,1
S26,60,0.48333333333333334,0
S26,61,0.21666666666666667,0
S26,62,0.38333333333333336,0
S26,63,0.1,0
S26,64,0.26666666666666666,0
S26,65,0.5916666666666667,0
S26,66,0.275,0
S26,67,1.6,1
S26,68,0.6666666666666666,1
S26,69,0.7666666666666667,1
S26,70,0.95,1
S26,71,0.9583333333333334,0
S26,72,0.4583333333333333,0
S26,73,0.375,0
S26,74,0.18333333333333332,0
S26,75,0.016666666666666666,0
S26,76,0.31666666666666665,0
S26,77,0.9666666666666667,0
S26,78,0.6583333333333333,0
S26,79,0.9083333333333333,1
S26,80,1.4583333333333333,1
S26,81,1.8,1
S26,82,2.0416666666666665,0
S26,83,0.8833333333333333,0
S26,84,0.95,0
S26,85,0.15833333333333333,0
S26,86,0.6666666666666666,0
S26,87,0.275,0
S26,88,0.7,0
S26,89,0.6166666666666667,1
S26,90,0.2,0
S26,91,0.20833333333333334,0
S26,92,0.18333333333333332,0
S26,93,0.0,0
S26,94,0.10833333333333334,0
S26,95,0.3,0
S26,96,0.675,0
S26,97,0.7916666666666666,0
S26,98,0.24166666666666667,0
S26,99,1.275,1
S26,100,1.55,1
S26,101,2.025,0
S26,102,2.591666666666667,0
S26,103,1.55,1
S26,104,0.9916666666666667,0
S26,105,0.26666666666666666,0
S26,106,0.7166666666666667,0
S26,107,0.43333333333333335,0
S26,108,0.30833333333333335,0
S26,109,0.875,0
S26,110,0.875,0
S26,111,0.475,0
S26,112,0.31666666666666665,0
S26,113,1.1,0
S26,114,0.7833333333333333,1
S26,115,0.5916666666666667,0
S26,116,0.9833333333333333,0
S26,117,0.8583333333333333,1
S26,118,0.325,0
S26,119,0.4666666666666667,0
S26,120,0.23333333333333334,0
S26,121,1.4416666666666667,1
S26,122,0.725,0
S26,123,0.8416666666666667,0
S26,124,1.225,0
S26,125,0.225,0
S26,126,0.24166666666666667,0
S26,127,1.1916666666666667,0
S26,128,0.775,0
S26,129,2.0416666666666665,1
S26,130,1.725,1
S26,131,1.425,0
S26,132,2.066666666666667,0
S26,133,1.4833333333333334,1
S26,134,0.24166666666666667,0
S26,135,0.5583333333333333,0
S26,136,0.5833333333333334,0
S26,137,1.2333333333333334,1
S26,138,0.8916666666666667,0
S26,139,1.5083333333333333,1
S26,140,0.4083333333333333,0
S26,141,0.675,0
S26,142,0.9166666666666666,0
S26,143,0.4166666666666667,0
S26,144,0.1,0
S27,1,2.0833333333333335,0
S27,2,0.9916666666666667,0
S27,3,0.26666666666666666,0
S27,4,0.6583333333333333,0
S27,5,0.6916666666666667,0
S27,6,3.1083333333333334,0
S27,7,0.3416666666666667,0
S27,8,1.1416666666666666,0
S27,9,0.3333333333333333,0
S27,10,0.5166666666666667,0
S27,11,0.6416666666666666,0
S27,12,0.06666666666666667,0
S27,13,2.9833333333333334,0
S27,14,0.7666666666666667,0
S27,15,0.7333333333333333,0
S27,16,2.183333333333333,0
S27,17,1.4916666666666667,0
S27,18,0.016666666666666666,0
S27,19,1.6083333333333334,0
S27,20,1.4833333333333334,0
S27,21,1.4916666666666667,0
S27,22,0.4,0
S27,23,1.3833333333333333,0
S27,24,6.45,1
S27,25,1.7,0
S27,26,0.9416666666666667,0
S27,27,0.475,0
S27,28,0.2916666666666667,0
S27,29,0.5833333333333334,0
S27,30,0.25833333333333336,0
S27,31,0.8666666666666667,0
S27,32,0.7166666666666667,0
S27,33,5.075,1
S27,34,1.05,0
S27,35,0.7666666666666667,0
S27,36,1.7916666666666667,1
S27,37,1.0916666666666666,0
S27,38,0.6583333333333333,0
S27,39,0.3416666666666667,0
S27,40,0.25,0
S27,41,0.43333333333333335,0
S27,42,0.26666666666666666,0
S27,43,0.016666666666666666,0
S27,44,0.7833333333333333,0
S27,45,1.4333333333333333,0
S27,46,0.425,0
S27,47,0.4583333333333333,0
S27,48,0.31666666666666665,0
S27,49,2.25,0
S27,50,3.8916666666666666,0
S27,51,1.0833333333333333,0
S27,52,0.8,0
S27,53,1.0916666666666666,0
S27,54,1.2583333333333333,0
S27,55,0.25,0
S27,56,0.0,0
S27,57,0.016666666666666666,0
S27,58,0.225,0
S27,59,0.26666666666666666,0
S27,60,0.025,0
S27,61,0.4083333333333333,0
S27,62,0.0,0
S27,63,0.0,0
S27,64,0.5166666666666667,0
S27,65,1.2583333333333333,0
S27,66,0.0,0
S27,67,2.625,1
S27,68,1.7,0
S27,69,1.0833333333333333,0
S27,70,0.5666666666666667,0
S27,71,1.9,1
S27,72,0.5083333333333333,0
S27,73,0.8333333333333334,0
S27,74,1.4833333333333334,0
S27,75,0.6916666666666667,0
S27,76,0.45,0
S27,77,0.0,0
S27,78,0.0,0
S27,79,0.008333333333333333,0
S27,80,0.2833333333333333,0
S27,81,0.3,0
S27,82,0.30833333333333335,0
S27,83,0.25833333333333336,0
S27,84,0.55,0
S27,85,0.4666666666666667,0
S27,86,0.025,0
S27,87,0.39166666666666666,0
S27,88,0.44166666666666665,0
S27,89,0.0,0
S27,90,1.5333333333333334,0
S27,91,0.6333333333333333,0
S27,92,0.0,0
S27,93,0.8833333333333333,0
S27,94,0.24166666666666667,0
S27,95,0.6333333333333333,0
S27,96,0.5583333333333333,0
S27,97,0.16666666666666666,0
S27,98,0.49166666666666664,0
S27,99,1.4916666666666667,0
S27,100,0.4166666666666667,0
S27,101,0.2916666666666667,0
S27,102,3.4916666666666667,1
S27,103,3.4916666666666667,1
S27,104,1.6416666666666666,0
S27,105,0.21666666666666667,0
S27,106,0.36666666666666664,0
S27,107,0.7666666666666667,0
S27,108,1.2416666666666667,0
S27,109,0.45,0
S27,110,0.008333333333333333,0
S27,111,0.4083333333333333,0
S27,112,0.11666666666666667,0
S27,113,0.44166666666666665,0
S27,114,0.38333333333333336,0
S27,115,0.8583333333333333,0
S27,116,0.3416666666666667,0
S27,117,0.2,0
S27,118,2.675,1
S27,119,0.7,0
S27,120,0.7083333333333334,0
S27,121,1.7833333333333334,0
S27,122,1.275,0
S27,123,0.0,0
S27,124,1.35,0
S27,125,0.375,0
S27,126,0.8916666666666667,0
S27,127,1.15,0
S27,128,0.5083333333333333,0
S27,129,3.475,0
S27,130,0.14166666666666666,0
S27,131,1.125,0
S27,132,2.7916666666666665,1
S27,133,0.008333333333333333,0
S27,134,0.35833333333333334,0
S27,135,0.0,0
S27,136,0.625,0
S27,137,0.5666666666666667,0
S27,138,0.3333333333333333,0
S27,139,0.6666666666666666,0
S27,140,3.425,0
S27,141,3.7416666666666667,0
S27,142,0.3333333333333333,0
S27,143,1.6166666666666667,0
S27,144,3.25,1
S28,1,0.43333333333333335,0
S28,2,0.9833333333333334,0
S28,3,1.1083333333333334,0
S28,4,0.9166666666666666,0
S28,5,1.35,0
S28,6,7.241666666666667,1
S28,7,0.9666666666666667,0
S28,8,0.6083333333333334,0
S28,9,2.075,0
S28,10,1.2333333333333334,0
S28,11,1.2833333333333334,0
S28,12,0.875,0
S28,13,0.6166666666666667,0
S28,14,2.8249999999999997,0
S28,15,0.8416666666666667,0
S28,16,1.75,0
S28,17,2.408333333333333,0
S28,18,0.8666666666666667,0
S28,19,1.4666666666666666,0
S28,20,5.4,1
S28,21,1.575,0
S28,22,0.43333333333333335,0
S28,23,0.325,0
S28,24,0.7333333333333333,0
S28,25,3.2583333333333333,0
S28,26,2.9916666666666667,0
S28,27,5.475,1
S28,28,0.0,0
S28,29,0.8083333333333333,0
S28,30,1.6166666666666667,0
S28,31,0.19166666666666668,0
S28,32,1.6166666666666667,0
S28,33,1.0833333333333333,0
S28,34,2.475,1
S28,35,1.9833333333333334,0
S28,36,1.3,0
S28,37,1.5083333333333333,0
S28,38,1.7833333333333334,0
S28,39,0.375,0
S28,40,0.49166666666666664,0
S28,41,1.9916666666666667,0
S28,42,0.6083333333333333,0
S28,43,0.575,0
S28,44,1.2333333333333334,0
S28,45,2.183333333333333,0
S28,46,3.216666666666667,1
S28,47,1.9833333333333334,0
S28,48,1.1666666666666667,0
S28,49,0.5333333333333333,0
S28,50,1.7833333333333334,1
S28,51,0.36666666666666664,0
S28,52,0.3,0
S28,53,1.7833333333333334,0
S28,54,0.0,0
S28,55,0.0,0
S28,56,0.3,0
S28,57,0.44166666666666665,0
S28,58,0.0,0
S28,59,0.35833333333333334,0
S28,60,0.15833333333333333,0
S28,61,4.891666666666667,1
S28,62,0.4583333333333333,0
S28,63,0.525,0
S28,64,1.4416666666666667,0
S28,65,0.8416666666666667,0
S28,66,0.016666666666666666,0
S28,67,0.25833333333333336,0
S28,68,1.475,0
S28,69,0.5916666666666667,0
S28,70,0.5083333333333333,0
S28,71,0.041666666666666664,0
S28,72,4.266666666666667,1
S28,73,1.2083333333333333,0
S28,74,1.975,0
S28,75,1.0583333333333333,0
S28,76,0.85,0
S28,77,2.191666666666667,0
S28,78,1.625,0
S28,79,2.658333333333333,1
S28,80,4.225,0
S28,81,1.975,0
S28,82,0.4,0
S28,83,0.7166666666666667,0
S28,84,0.7083333333333334,0
S28,85,2.05,0
S28,86,1.475,0
S28,87,1.3083333333333333,0
S28,88,0.5916666666666667,0
S28,89,2.658333333333333,1
S28,90,0.2,0
S28,91,0.15833333333333333,0
S28,92,0.7166666666666667,0
S28,93,0.008333333333333333,0
S28,94,0.041666666666666664,0
S28,95,0.25833333333333336,0
S28,96,0.25833333333333336,0
S28,97,0.44166666666666665,0
S28,98,0.85,0
S28,99,0.8333333333333334,0
S28,100,0.0,0
S28,101,0.925,0
S28,102,0.4083333333333333,0
S28,103,1.15,0
S28,104,3.1083333333333334,1
S28,105,0.8,0
S28,106,0.3,0
S28,107,0.03333333333333333,0
S28,108,0.2916666666666667,0
S28,109,2.0,0
S28,110,0.6666666666666666,0
S28,111,2.7416666666666667,0
S28,112,0.9583333333333334,0
S28,113,1.75,0
S28,114,2.475,1
S28,115,1.1333333333333333,0
S28,116,1.8416666666666666,0
S28,117,0.25833333333333336,0
S28,118,2.0083333333333333,1
S28,119,0.8166666666666667,0
S28,120,0.2916666666666667,0
S28,121,0.4666666666666667,0
S28,122,0.7333333333333333,0
S28,123,0.6166666666666667,0
S28,124,0.35,0
S28,125,0.575,0
S28,126,0.016666666666666666,0
S28,127,0.25,0
S28,128,0.8666666666666667,0
S28,129,1.475,0
S28,130,3.2583333333333333,1
S28,131,1.3416666666666666,0
S28,132,0.8,0
S28,133,0.008333333333333333,0
S28,134,0.016666666666666666,0
S28,135,0.25833333333333336,0
S28,136,1.5083333333333333,0
S28,137,0.03333333333333333,0
S28,138,0.20833333333333334,0
S28,139,1.7333333333333334,1
S28,140,0.5833333333333334,0
S28,141,3.625,1
S28,142,1.0666666666666667,0
S28,143,1.2833333333333334,0
S28,144,1.3083333333333333,0
S29,1,3.166666666666667,0
S29,2,3.2333333333333334,0
S29,3,4.275,0
S29,4,3.091666666666667,0
S29,5,4.666666666666666,1
S29,6,3.216666666666667,0
S29,7,1.8666666666666667,0
S29,8,10.658333333333333,1
S29,9,7.375,0
S29,10,4.175,0
S29,11,4.35,0
S29,12,2.9833333333333334,0
S29,13,2.8666666666666667,0
S29,14,9.016666666666667,0
S29,15,5.9750000000000005,0
S29,16,4.1,0
S29,17,3.8666666666666667,0
S29,18,2.05,0
S29,19,4.508333333333333,0
S29,20,6.191666666666666,1
S29,21,1.8416666666666668,0
S29,22,0.7166666666666667,0
S29,23,3.1666666666666665,0
S29,24,1.1833333333333333,0
S29,25,0.25,0
S29,26,1.5583333333333333,0
S29,27,0.975,0
S29,28,1.0,0
S29,29,0.5166666666666666,0
S29,30,2.316666666666667,0
S29,31,1.6166666666666667,0
S29,32,2.0416666666666665,0
S29,33,3.35,0
S29,34,1.75,1
S29,35,1.375,0
S29,36,0.9750000000000001,0
S29,37,0.4833333333333334,0
S29,38,2.1416666666666666,0
S29,39,0.875,0
S29,40,0.8916666666666666,0
S29,41,0.04166666666666667,0
S29,42,0.225,0
S29,43,1.675,0
S29,44,0.35000000000000003,0
S29,45,0.016666666666666666,0
S29,46,0.8916666666666666,0
S29,47,1.1083333333333334,0
S29,48,1.1083333333333334,0
S29,49,4.016666666666667,1
S29,50,1.375,0
S29,51,1.75,0
S29,52,0.95,0
S29,53,0.8166666666666667,0
S29,54,3.5083333333333337,0
S29,55,0.5083333333333333,0
S29,56,0.6833333333333333,0
S29,57,1.0750000000000002,0
S29,58,0.6916666666666667,0
S29,59,1.3333333333333333,0
S29,60,0.7250000000000001,0
S29,61,0.65,0
S29,62,0.39166666666666666,0
S29,63,0.9,0
S29,64,6.191666666666666,1
S29,65,1.925,0
S29,66,1.5416666666666667,0
S29,67,2.4749999999999996,0
S29,68,1.2083333333333333,0
S29,69,4.408333333333333,0
S29,70,0.4083333333333333,0
S29,71,0.6083333333333333,0
S29,72,2.941666666666667,1
S29,73,0.5333333333333333,0
S29,74,0.9833333333333334,0
S29,75,0.9083333333333334,0
S29,76,0.95,0
S29,77,0.4416666666666667,0
S29,78,1.0833333333333333,0
S29,79,0.03333333333333333,0
S29,80,0.0,0
S29,81,0.08333333333333333,0
S29,82,0.175,0
S29,83,0.21666666666666667,0
S29,84,0.5166666666666666,0
S29,85,0.5166666666666666,0
S29,86,0.5666666666666668,0
S29,87,0.5083333333333333,0
S29,88,0.46666666666666673,0
S29,89,1.0166666666666666,0
S29,90,0.03333333333333333,0
S29,91,0.2,0
S29,92,0.4583333333333333,0
S29,93,0.0,0
S29,94,0.35833333333333334,0
S29,95,0.11666666666666667,0
S29,96,0.26666666666666666,0
S29,97,1.4916666666666667,0
S29,98,2.433333333333333,0
S29,99,1.4083333333333332,0
S29,100,3.9333333333333336,1
S29,101,2.775,0
S29,102,1.8416666666666666,0
S29,103,0.5916666666666667,0
S29,104,0.2666666666666667,0
S29,105,1.225,0
S29,106,0.8333333333333334,0
S29,107,0.4083333333333333,0
S29,108,0.25,0
S29,109,0.041666666666666664,0
S29,110,1.7416666666666667,0
S29,111,1.2916666666666667,0
S29,112,0.4166666666666667,0
S29,113,4.949999999999999,1
S29,114,0.525,0
S29,115,2.2583333333333333,1
S29,116,2.4416666666666664,0
S29,117,0.4083333333333333,0
S29,118,1.725,0
S29,119,6.733333333333333,1
S29,120,0.8083333333333333,0
S29,121,0.4666666666666667,0
S29,122,0.7166666666666667,0
S29,123,0.9083333333333333,0
S29,124,0.8833333333333333,0
S29,125,0.47500000000000003,0
S29,126,1.0916666666666666,0
S29,127,2.8833333333333333,1
S29,128,1.8166666666666667,0
S29,129,0.125,0
S29,130,1.3666666666666667,0
S29,131,0.5416666666666666,0
S29,132,0.7416666666666667,0
S29,133,4.933333333333334,1
S29,134,3.875,1
S29,135,2.708333333333333,0
S29,136,3.825,0
S29,137,1.0333333333333332,0
S29,138,1.8416666666666666,0
S29,139,1.1416666666666666,0
S29,140,1.0083333333333333,0
S29,141,3.683333333333333,0
S29,142,0.6583333333333333,0
S29,143,3.0,0
S29,144,5.208333333333333,0
S30,1,1.7916666666666667,0
S30,2,1.9333333333333333,0
S30,3,2.1333333333333333,0
S30,4,0.8,0
S30,5,1.0583333333333333,0
S30,6,1.2083333333333333,0
S30,7,0.9083333333333334,0
S30,8,1.3833333333333335,0
S30,9,0.8833333333333334,0
S30,10,0.8083333333333333,0
S30,11,2.1083333333333334,0
S30,12,1.6583333333333334,0
S30,13,3.1999999999999997,1
S30,14,1.075,0
S30,15,0.10833333333333334,0
S30,16,0.5833333333333334,0
S30,17,0.8999999999999999,0
S30,18,0.4,0
S30,19,0.825,0
S30,20,0.3583333333333334,0
S30,21,0.7,0
S30,22,1.4416666666666667,0
S30,23,0.7833333333333333,0
S30,24,0.3833333333333333,0
S30,25,0.44166666666666665,0
S30,26,4.208333333333333,1
S30,27,0.5333333333333333,0
S30,28,0.725,0
S30,29,1.4916666666666667,0
S30,30,0.7,0
S30,31,2.275,1
S30,32,1.5583333333333333,0
S30,33,0.5416666666666667,0
S30,34,0.7166666666666667,0
S30,35,0.4166666666666667,0
S30,36,0.75,0
S30,37,1.7916666666666667,1
S30,38,1.3666666666666667,0
S30,39,0.08333333333333333,0
S30,40,0.975,0
S30,41,0.7083333333333334,1
S30,42,0.26666666666666666,0
S30,43,0.475,1
S30,44,0.7916666666666666,0
S30,45,0.0,0
S30,46,0.9916666666666667,1
S30,47,0.20833333333333334,0
S30,48,0.0,0
S30,49,1.3916666666666666,0
S30,50,1.0,0
S30,51,1.5583333333333333,0
S30,52,1.1583333333333332,1
S30,53,0.4,0
S30,54,0.11666666666666667,0
S30,55,0.575,0
S30,56,1.3250000000000002,1
S30,57,0.7833333333333333,1
S30,58,0.375,0
S30,59,0.7333333333333333,0
S30,60,0.5083333333333333,0
S30,61,0.35833333333333334,0
S30,62,0.14166666666666666,0
S30,63,0.5,0
S30,64,0.2,0
S30,65,0.19166666666666668,0
S30,66,0.2,0
S30,67,1.0083333333333333,1
S30,68,0.6,0
S30,69,0.8083333333333333,0
S30,70,0.2,0
S30,71,0.19166666666666668,0
S30,72,0.36666666666666664,0
S30,73,2.175,0
S30,74,1.7083333333333333,0
S30,75,0.75,0
S30,76,0.7166666666666667,0
S30,77,1.825,1
S30,78,0.5083333333333333,0
S30,79,0.675,0
S30,80,0.23333333333333334,0
S30,81,0.24166666666666667,0
S30,82,0.4583333333333333,0
S30,83,0.225,0
S30,84,0.20833333333333334,0
S30,85,2.6750000000000003,0
S30,86,0.9916666666666666,0
S30,87,0.7166666666666667,0
S30,88,0.175,0
S30,89,1.4416666666666667,0
S30,90,0.5499999999999999,0
S30,91,0.275,0
S30,92,0.3,0
S30,93,0.26666666666666666,0
S30,94,0.2,0
S30,95,0.19166666666666668,0
S30,96,0.275,0
S30,97,2.908333333333333,0
S30,98,1.1416666666666666,0
S30,99,2.466666666666667,1
S30,100,0.0,0
S30,101,0.5166666666666666,0
S30,102,0.7,0
S30,103,0.0,0
S30,104,0.5666666666666667,0
S30,105,0.14166666666666666,0
S30,106,0.11666666666666667,0
S30,107,0.2833333333333333,0
S30,108,0.95,0
S30,109,1.9249999999999998,1
S30,110,0.7166666666666667,0
S30,111,0.9083333333333333,0
S30,112,1.1416666666666666,1
S30,113,0.03333333333333333,0
S30,114,0.19166666666666668,0
S30,115,0.0,0
S30,116,0.825,0
S30,117,1.2916666666666667,1
S30,118,1.55,1
S30,119,0.20833333333333334,0
S30,120,0.0,0
S30,121,1.1416666666666666,0
S30,122,0.85,0
S30,123,0.9583333333333333,1
S30,124,0.375,0
S30,125,0.18333333333333332,1
S30,126,0.025,0
S30,127,0.0,0
S30,128,0.3416666666666667,0
S30,129,0.26666666666666666,0
S30,130,0.31666666666666665,0
S30,131,0.75,0
S30,132,0.375,0
S30,133,1.0166666666666666,0
S30,134,0.525,0
S30,135,0.2833333333333333,0
S30,136,0.025,0
S30,137,0.058333333333333334,0
S30,138,0.24166666666666667,0
S30,139,0.525,0
S30,140,1.375,1
S30,141,0.4583333333333333,0
S30,142,0.24166666666666667,0
S30,143,0.575,0
S30,144,1.6916666666666669,0
S31,1,1.3416666666666668,0
S31,2,1.2583333333333333,0
S31,3,1.1583333333333332,0
S31,4,0.4916666666666667,0
S31,5,1.4416666666666667,0
S31,6,0.5083333333333333,0
S31,7,0.475,0
S31,8,0.8416666666666667,0
S31,9,2.7083333333333335,1
S31,10,2.375,1
S31,11,1.5416666666666667,0
S31,12,3.933333333333333,1
S31,13,0.8,0
S31,14,0.5916666666666667,0
S31,15,0.5333333333333333,0
S31,16,1.7,1
S31,17,0.23333333333333334,0
S31,18,0.4083333333333333,0
S31,19,1.1666666666666667,0
S31,20,1.6166666666666667,0
S31,21,1.625,0
S31,22,2.183333333333333,0
S31,23,0.8416666666666666,0
S31,24,1.1166666666666667,0
S31,25,0.825,0
S31,26,0.5,0
S31,27,0.4666666666666667,0
S31,28,0.55,0
S31,29,0.375,0
S31,30,0.7833333333333333,0
S31,31,1.3166666666666667,1
S31,32,0.9666666666666667,0
S31,33,1.7916666666666667,0
S31,34,0.9,0
S31,35,0.5166666666666667,0
S31,36,1.2583333333333333,0
S31,37,1.325,0
S31,38,0.6583333333333333,1
S31,39,1.4166666666666667,1
S31,40,0.925,0
S31,41,0.49166666666666664,0
S31,42,1.675,1
S31,43,0.6333333333333333,0
S31,44,0.375,0
S31,45,0.3416666666666667,0
S31,46,0.24166666666666667,0
S31,47,0.6,0
S31,48,0.36666666666666664,0
S31,49,1.7916666666666667,1
S31,50,2.3666666666666667,1
S31,51,0.675,0
S31,52,1.5416666666666667,0
S31,53,0.2,0
S31,54,1.5416666666666667,1
S31,55,0.5416666666666666,0
S31,56,0.8166666666666667,0
S31,57,1.95,1
S31,58,0.6916666666666667,0
S31,59,0.725,0
S31,60,0.475,0
S31,61,1.0916666666666666,1
S31,62,1.6833333333333333,0
S31,63,1.5666666666666667,1
S31,64,0.24166666666666667,0
S31,65,0.24166666666666667,0
S31,66,0.325,0
S31,67,1.9,0
S31,68,0.20833333333333334,0
S31,69,3.1,1
S31,70,0.9666666666666667,0
S31,71,2.316666666666667,0
S31,72,0.8916666666666667,0
S31,73,2.6416666666666666,1
S31,74,1.05,0
S31,75,0.4166666666666667,0
S31,76,0.225,0
S31,77,0.6583333333333333,0
S31,78,0.9,0
S31,79,0.5583333333333333,0
S31,80,0.5,0
S31,81,0.425,0
S31,82,0.2,0
S31,83,0.225,0
S31,84,0.3333333333333333,0
S31,85,0.275,0
S31,86,0.49166666666666664,0
S31,87,0.21666666666666667,0
S31,88,0.0,0
S31,89,0.03333333333333333,0
S31,90,0.0,0
S31,91,0.49166666666666664,0
S31,92,0.30833333333333335,0
S31,93,0.25833333333333336,0
S31,94,0.25833333333333336,0
S31,95,0.21666666666666667,0
S31,96,0.25,0
S31,97,1.875,0
S31,98,1.2666666666666666,0
S31,99,2.95,1
S31,100,0.5416666666666666,0
S31,101,0.2916666666666667,0
S31,102,0.35,0
S31,103,2.4166666666666665,1
S31,104,1.975,0
S31,105,0.7083333333333334,0
S31,106,0.43333333333333335,0
S31,107,0.225,0
S31,108,1.2666666666666666,1
S31,109,1.1083333333333334,0
S31,110,0.44166666666666665,0
S31,111,0.7916666666666666,0
S31,112,0.5166666666666667,0
S31,113,0.4083333333333333,0
S31,114,0.7083333333333334,0
S31,115,0.3416666666666667,0
S31,116,3.2083333333333335,1
S31,117,0.7666666666666667,0
S31,118,0.85,0
S31,119,0.6916666666666667,0
S31,120,0.9083333333333333,0
S31,121,1.6916666666666667,0
S31,122,1.475,0
S31,123,0.4666666666666667,1
S31,124,3.441666666666667,0
S31,125,1.6666666666666667,0
S31,126,0.0,0
S31,127,4.391666666666667,1
S31,128,2.2333333333333334,1
S31,129,0.4,0
S31,130,0.475,0
S31,131,1.2333333333333334,1
S31,132,0.48333333333333334,0
S31,133,0.6416666666666667,1
S31,134,0.35,0
S31,135,0.6416666666666667,0
S31,136,0.43333333333333335,0
S31,137,0.65,0
S31,138,0.4,0
S31,139,0.31666666666666665,0
S31,140,0.21666666666666667,0
S31,141,0.8,0
S31,142,0.45,0
S31,143,0.24166666666666667,0
S31,144,0.8916666666666667,0
S32,1,1.9416666666666669,0
S32,2,2.5083333333333333,0
S32,3,0.4583333333333333,0
S32,4,1.7416666666666667,0
S32,5,1.4,0
S32,6,6.258333333333334,1
S32,7,1.875,0
S32,8,4.2,0
S32,9,2.175,0
S32,10,1.3416666666666668,0
S32,11,2.7249999999999996,0
S32,12,0.7833333333333333,0
S32,13,2.1666666666666665,0
S32,14,4.133333333333334,1
S32,15,4.475,1
S32,16,4.25,0
S32,17,2.875,0
S32,18,0.35833333333333334,0
S32,19,3.5583333333333336,0
S32,20,5.508333333333334,0
S32,21,2.8916666666666666,0
S32,22,1.2583333333333333,0
S32,23,1.0916666666666668,0
S32,24,2.0,0
S32,25,2.5166666666666666,0
S32,26,1.3833333333333333,0
S32,27,1.8666666666666667,0
S32,28,4.35,1
S32,29,4.658333333333333,0
S32,30,2.1166666666666667,0
S32,31,1.6,0
S32,32,1.1083333333333334,0
S32,33,4.741666666666666,1
S32,34,1.0833333333333333,0
S32,35,1.4416666666666667,0
S32,36,3.2416666666666667,1
S32,37,0.48333333333333334,0
S32,38,1.8333333333333333,0
S32,39,0.525,0
S32,40,0.9166666666666666,0
S32,41,1.1833333333333333,0
S32,42,0.9416666666666667,0
S32,43,1.95,0
S32,44,0.775,0
S32,45,2.466666666666667,0
S32,46,0.31666666666666665,0
S32,47,1.125,0
S32,48,1.0,0
S32,49,1.9916666666666667,1
S32,50,1.8083333333333333,0
S32,51,0.43333333333333335,0
S32,52,1.1916666666666667,0
S32,53,1.1166666666666667,0
S32,54,1.25,0
S32,55,1.75,0
S32,56,0.5166666666666667,0
S32,57,0.6416666666666667,0
S32,58,1.4833333333333334,0
S32,59,2.9916666666666667,1
S32,60,2.8,0
S32,61,0.8083333333333333,0
S32,62,1.5666666666666667,0
S32,63,0.7916666666666666,0
S32,64,1.8833333333333333,0
S32,65,0.8666666666666667,0
S32,66,2.091666666666667,0
S32,67,1.5583333333333333,1
S32,68,1.5083333333333333,0
S32,69,1.2916666666666667,0
S32,70,0.875,0
S32,71,0.6666666666666666,0
S32,72,5.033333333333333,0
S32,73,1.0083333333333333,0
S32,74,1.1916666666666667,0
S32,75,1.4666666666666666,0
S32,76,4.316666666666666,0
S32,77,1.2083333333333333,0
S32,78,1.2916666666666667,0
S32,79,3.9,0
S32,80,1.75,0
S32,81,3.6,0
S32,82,3.1666666666666665,0
S32,83,9.225,1
S32,84,2.691666666666667,0
S32,85,0.8,0
S32,86,0.8166666666666667,0
S32,87,0.9666666666666667,0
S32,88,0.6833333333333333,0
S32,89,4.441666666666666,0
S32,90,2.966666666666667,1
S32,91,1.175,0
S32,92,1.1416666666666666,0
S32,93,0.39166666666666666,0
S32,94,0.7833333333333333,0
S32,95,1.9416666666666667,0
S32,96,0.39166666666666666,0
S32,97,2.5166666666666666,0
S32,98,3.2583333333333333,0
S32,99,2.1416666666666666,0
S32,100,0.75,0
S32,101,0.6333333333333333,0
S32,102,1.4916666666666667,0
S32,103,4.25,1
S32,104,3.1083333333333334,0
S32,105,2.675,1
S32,106,0.48333333333333334,0
S32,107,2.9833333333333334,0
S32,108,3.3916666666666666,0
S32,109,1.9416666666666667,0
S32,110,3.35,0
S32,111,1.6833333333333333,0
S32,112,0.9166666666666666,0
S32,113,0.775,0
S32,114,0.8166666666666667,0
S32,115,1.1,1
S32,116,1.025,0
S32,117,1.2833333333333334,0
S32,118,2.575,0
S32,119,1.8083333333333333,0
S32,120,1.85,0
S32,121,1.5166666666666666,0
S32,122,1.8833333333333333,0
S32,123,0.55,0
S32,124,3.175,1
S32,125,3.1666666666666665,0
S32,126,0.8,0
S32,127,3.4166666666666665,0
S32,128,3.433333333333333,1
S32,129,1.1416666666666666,0
S32,130,0.31666666666666665,0
S32,131,1.45,0
S32,132,0.3416666666666667,0
S32,133,4.083333333333333,1
S32,134,1.6166666666666667,0
S32,135,1.025,0
S32,136,1.725,0
S32,137,1.5,0
S32,138,1.1583333333333334,0
S32,139,0.8416666666666667,0
S32,140,1.1,0
S32,141,3.25,0
S32,142,1.175,0
S32,143,1.55,0
S32,144,0.7916666666666666,0
S33,1,0.0,0
S33,2,0.8916666666666666,0
S33,3,1.325,0
S33,4,0.65,0
S33,5,0.6333333333333333,0
S33,6,4.625,1
S33,7,1.075,0
S33,8,1.225,0
S33,9,1.2833333333333332,0
S33,10,1.075,0
S33,11,0.21666666666666667,0
S33,12,1.65,1
S33,13,0.8583333333333333,0
S33,14,0.5833333333333333,0
S33,15,0.5,0
S33,16,2.3583333333333334,1
S33,17,0.9416666666666667,0
S33,18,0.8916666666666667,0
S33,19,2.408333333333333,0
S33,20,1.8583333333333334,0
S33,21,2.15,1
S33,22,0.6916666666666667,0
S33,23,0.7916666666666666,0
S33,24,0.44166666666666665,0
S33,25,0.31666666666666665,0
S33,26,0.8833333333333333,0
S33,27,0.5833333333333334,0
S33,28,0.7,0
S33,29,0.7666666666666667,0
S33,30,2.158333333333333,0
S33,31,0.4666666666666667,0
S33,32,0.8333333333333334,0
S33,33,1.3416666666666666,0
S33,34,1.2083333333333333,0
S33,35,0.7416666666666667,0
S33,36,2.0166666666666666,1
S33,37,0.25,0
S33,38,0.2833333333333333,0
S33,39,0.6,0
S33,40,1.125,0
S33,41,7.308333333333334,1
S33,42,2.1666666666666665,0
S33,43,2.625,1
S33,44,0.7833333333333333,0
S33,45,0.6083333333333333,0
S33,46,0.725,0
S33,47,0.35833333333333334,0
S33,48,0.0,0
S33,49,0.5583333333333333,0
S33,50,0.275,0
S33,51,1.75,0
S33,52,1.4166666666666667,1
S33,53,1.0666666666666667,0
S33,54,1.1416666666666666,0
S33,55,0.225,0
S33,56,0.775,0
S33,57,3.25,1
S33,58,0.4583333333333333,0
S33,59,0.625,0
S33,60,1.325,0
S33,61,0.775,0
S33,62,0.25833333333333336,0
S33,63,1.6333333333333333,0
S33,64,3.95,1
S33,65,1.975,0
S33,66,5.525,1
S33,67,2.025,1
S33,68,0.44166666666666665,0
S33,69,1.075,0
S33,70,0.19166666666666668,0
S33,71,0.9583333333333334,0
S33,72,0.525,0
S33,73,0.575,0
S33,74,0.0,0
S33,75,0.3,0
S33,76,1.7,0
S33,77,1.75,1
S33,78,1.975,0
S33,79,0.23333333333333334,0
S33,80,0.7916666666666666,0
S33,81,1.2666666666666666,0
S33,82,0.16666666666666666,0
S33,83,0.008333333333333333,0
S33,84,0.0,0
S33,85,0.0,0
S33,86,0.8916666666666667,1
S33,87,0.3333333333333333,0
S33,88,0.13333333333333333,0
S33,89,0.49166666666666664,0
S33,90,0.5833333333333334,0
S33,91,0.48333333333333334,0
S33,92,0.9333333333333333,0
S33,93,0.2916666666666667,0
S33,94,0.0,0
S33,95,0.0,0
S33,96,0.0,0
S33,97,0.0,0
S33,98,0.0,0
S33,99,1.0333333333333334,1
S33,100,1.9916666666666667,1
S33,101,0.975,0
S33,102,2.2916666666666665,0
S33,103,0.0,0
S33,104,0.14166666666666666,0
S33,105,0.5166666666666667,0
S33,106,0.0,0
S33,107,0.5333333333333333,0
S33,108,0.008333333333333333,0
S33,109,0.30833333333333335,0
S33,110,1.1416666666666666,1
S33,111,0.49166666666666664,0
S33,112,0.5916666666666667,0
S33,113,0.24166666666666667,0
S33,114,0.0,0
S33,115,1.6083333333333334,0
S33,116,0.375,0
S33,117,0.0,0
S33,118,0.45,0
S33,119,0.2916666666666667,0
S33,120,0.225,0
S33,121,0.375,1
S33,122,0.025,0
S33,123,0.7416666666666667,0
S33,124,0.6916666666666667,0
S33,125,0.8333333333333334,0
S33,126,1.975,0
S33,127,0.2916666666666667,0
S33,128,0.016666666666666666,0
S33,129,2.8583333333333334,1
S33,130,2.65,1
S33,131,0.4583333333333333,0
S33,132,0.8083333333333333,0
S33,133,1.3666666666666667,0
S33,134,0.31666666666666665,0
S33,135,0.0,0
S33,136,1.3666666666666667,0
S33,137,1.2416666666666667,0
S33,138,0.36666666666666664,0
S33,139,1.1333333333333333,0
S33,140,0.975,0
S33,141,0.0,0
S33,142,1.325,1
S33,143,1.125,0
S33,144,0.45,0
S34,1,3.525,1
S34,2,1.95,0
S34,3,0.825,0
S34,4,1.9583333333333335,0
S34,5,6.716666666666667,0
S34,6,1.4333333333333333,1
S34,7,1.175,0
S34,8,1.5833333333333333,1
S34,9,3.5833333333333335,0
S34,10,1.475,0
S34,11,0.7833333333333333,0
S34,12,1.2583333333333333,0
S34,13,1.55,1
S34,14,2.941666666666667,0
S34,15,2.7916666666666665,1
S34,16,2.925,0
S34,17,3.5166666666666666,1
S34,18,4.541666666666667,0
S34,19,5.808333333333334,1
S34,20,3.441666666666667,0
S34,21,1.75,0
S34,22,0.7000000000000001,0
S34,23,1.3,0
S34,24,3.433333333333333,0
S34,25,0.24166666666666667,0
S34,26,0.525,0
S34,27,0.03333333333333333,0
S34,28,0.4166666666666667,0
S34,29,2.216666666666667,0
S34,30,0.6083333333333333,0
S34,31,1.4333333333333333,0
S34,32,1.5833333333333333,0
S34,33,2.058333333333333,0
S34,34,1.4916666666666667,0
S34,35,2.35,0
S34,36,1.3,0
S34,37,0.4583333333333333,0
S34,38,0.44166666666666665,0
S34,39,0.275,0
S34,40,0.8083333333333333,0
S34,41,1.325,0
S34,42,2.1083333333333334,0
S34,43,1.4916666666666667,0
S34,44,3.3916666666666666,0
S34,45,3.95,0
S34,46,0.7416666666666667,0
S34,47,0.8083333333333333,0
S34,48,0.35,0
S34,49,0.48333333333333334,1
S34,50,1.375,1
S34,51,1.8583333333333334,0
S34,52,1.1583333333333334,0
S34,53,7.366666666666666,0
S34,54,2.591666666666667,0
S34,55,0.9583333333333334,0
S34,56,1.275,1
S34,57,1.0583333333333333,0
S34,58,1.2416666666666667,0
S34,59,0.041666666666666664,0
S34,60,0.041666666666666664,0
S34,61,2.283333333333333,1
S34,62,1.0,0
S34,63,2.3916666666666666,0
S34,64,1.725,0
S34,65,1.0916666666666666,0
S34,66,1.1833333333333333,0
S34,67,2.5833333333333335,0
S34,68,2.0416666666666665,0
S34,69,1.2666666666666666,0
S34,70,0.3333333333333333,0
S34,71,1.9416666666666667,1
S34,72,2.558333333333333,1
S34,73,0.2,0
S34,74,0.10833333333333334,0
S34,75,0.10833333333333334,0
S34,76,1.5166666666666666,0
S34,77,2.966666666666667,0
S34,78,1.0166666666666666,0
S34,79,1.0166666666666666,0
S34,80,1.7666666666666666,0
S34,81,1.6083333333333334,1
S34,82,1.6833333333333333,0
S34,83,2.7,0
S34,84,1.3416666666666666,0
S34,85,0.4583333333333333,0
S34,86,0.525,0
S34,87,1.1,0
S34,88,0.65,0
S34,89,2.0,1
S34,90,0.9333333333333333,0
S34,91,3.933333333333333,1
S34,92,3.15,0
S34,93,1.3666666666666667,0
S34,94,1.0833333333333333,0
S34,95,1.2,1
S34,96,1.65,1
S34,97,0.075,0
S34,98,0.18333333333333332,0
S34,99,0.125,0
S34,100,1.1416666666666666,0
S34,101,2.4,0
S34,102,0.4666666666666667,0
S34,103,1.1166666666666667,1
S34,104,1.6083333333333334,0
S34,105,1.0416666666666667,0
S34,106,0.25,0
S34,107,0.5833333333333334,0
S34,108,0.23333333333333334,0
S34,109,0.225,0
S34,110,1.1916666666666667,0
S34,111,1.025,0
S34,112,3.675,0
S34,113,1.6166666666666667,0
S34,114,1.3666666666666667,0
S34,115,3.35,0
S34,116,1.2333333333333334,0
S34,117,1.8166666666666667,0
S34,118,0.025,0
S34,119,1.925,0
S34,120,1.2916666666666667,0
S34,121,0.09166666666666666,0
S34,122,0.26666666666666666,0
S34,123,0.15833333333333333,0
S34,124,1.4916666666666667,0
S34,125,0.8916666666666667,0
S34,126,1.05,0
S34,127,0.825,1
S34,128,0.825,0
S34,129,0.4,1
S34,130,1.3666666666666667,1
S34,131,1.0583333333333333,0
S34,132,0.35833333333333334,0
S34,133,0.2,0
S34,134,0.49166666666666664,0
S34,135,2.691666666666667,0
S34,136,1.1333333333333333,0
S34,137,0.9583333333333334,0
S34,138,2.7333333333333334,0
S34,139,0.55,0
S34,140,0.4666666666666667,0
S34,141,2.1416666666666666,0
S34,142,0.1,0
S34,143,0.8083333333333333,0
S34,144,2.183333333333333,1
S35,1,3.7083333333333335,0
S35,2,0.9666666666666668,0
S35,3,1.8166666666666669,0
S35,4,1.7583333333333333,0
S35,5,3.875,0
S35,6,4.141666666666667,0
S35,7,1.2,0
S35,8,1.5999999999999999,0
S35,9,5.491666666666667,0
S35,10,1.0916666666666666,0
S35,11,1.3666666666666667,0
S35,12,0.44166666666666665,0
S35,13,1.05,0
S35,14,1.0,0
S35,15,0.8666666666666667,0
S35,16,0.6,0
S35,17,1.3583333333333334,0
S35,18,0.4166666666666667,0
S35,19,2.0166666666666666,0
S35,20,5.433333333333333,1
S35,21,1.7583333333333335,0
S35,22,1.2083333333333333,0
S35,23,0.925,0
S35,24,0.675,0
S35,25,5.491666666666666,1
S35,26,1.2,0
S35,27,1.1583333333333334,0
S35,28,0.8166666666666667,0
S35,29,1.05,0
S35,30,0.875,0
S35,31,0.8166666666666667,0
S35,32,0.3,0
S35,33,0.7,0
S35,34,3.816666666666667,1
S35,35,2.033333333333333,0
S35,36,4.141666666666667,0
S35,37,1.4666666666666666,0
S35,38,0.95,0
S35,39,1.05,0
S35,40,1.35,0
S35,41,0.6833333333333333,0
S35,42,1.1083333333333334,0
S35,43,0.6416666666666667,0
S35,44,0.875,0
S35,45,2.8666666666666667,0
S35,46,1.0083333333333333,0
S35,47,1.55,0
S35,48,1.8416666666666666,0
S35,49,5.483333333333333,0
S35,50,1.6083333333333334,0
S35,51,1.0666666666666667,0
S35,52,2.8916666666666666,1
S35,53,0.7333333333333333,0
S35,54,1.2083333333333333,0
S35,55,0.20833333333333334,0
S35,56,3.716666666666667,1
S35,57,0.8916666666666667,0
S35,58,3.1416666666666666,0
S35,59,1.2416666666666667,0
S35,60,0.6583333333333333,0
S35,61,1.2416666666666667,0
S35,62,0.4666666666666667,0
S35,63,1.1916666666666667,0
S35,64,0.5166666666666667,0
S35,65,0.18333333333333332,0
S35,66,0.3333333333333333,0
S35,67,1.1416666666666666,0
S35,68,0.6083333333333333,0
S35,69,2.908333333333333,1
S35,70,2.45,1
S35,71,1.1916666666666667,0
S35,72,1.375,0
S35,73,1.025,0
S35,74,0.36666666666666664,0
S35,75,0.38333333333333336,0
S35,76,0.525,0
S35,77,0.5,0
S35,78,1.425,0
S35,79,0.7083333333333334,0
S35,80,0.55,0
S35,81,0.9,0
S35,82,1.175,0
S35,83,0.725,0
S35,84,0.25,0
S35,85,2.6666666666666665,1
S35,86,1.1333333333333333,0
S35,87,0.75,0
S35,88,0.8916666666666667,0
S35,89,2.35,1
S35,90,0.8833333333333333,0
S35,91,0.925,0
S35,92,1.8083333333333333,0
S35,93,0.9083333333333333,0
S35,94,0.35,0
S35,95,0.5333333333333333,0
S35,96,0.425,0
S35,97,4.625,1
S35,98,2.691666666666667,0
S35,99,1.575,0
S35,100,1.5,0
S35,101,0.44166666666666665,0
S35,102,0.6083333333333333,0
S35,103,0.8083333333333333,0
S35,104,1.25,0
S35,105,0.8666666666666667,0
S35,106,0.825,0
S35,107,0.4,0
S35,108,2.441666666666667,1
S35,109,2.7,0
S35,110,1.775,0
S35,111,0.85,0
S35,112,0.775,0
S35,113,1.2083333333333333,0
S35,114,1.2666666666666666,0
S35,115,2.3916666666666666,1
S35,116,1.4166666666666667,0
S35,117,0.7333333333333333,0
S35,118,1.225,0
S35,119,0.7,0
S35,120,2.8916666666666666,1
S35,121,5.958333333333333,1
S35,122,1.8666666666666667,1
S35,123,0.925,0
S35,124,3.5166666666666666,0
S35,125,0.7583333333333333,0
S35,126,0.75,0
S35,127,1.1583333333333334,0
S35,128,0.7166666666666667,0
S35,129,0.425,0
S35,130,1.2666666666666666,0
S35,131,0.375,0
S35,132,0.6583333333333333,0
S35,133,1.6583333333333334,0
S35,134,0.9083333333333333,0
S35,135,0.675,0
S35,136,0.8833333333333333,0
S35,137,2.6666666666666665,1
S35,138,2.783333333333333,1
S35,139,0.475,0
S35,140,2.9583333333333335,0
S35,141,2.05,0
S35,142,0.625,0
S35,143,0.6333333333333333,0
S35,144,0.525,0
S36,1,0.4666666666666667,0
S36,2,1.4083333333333332,0
S36,3,0.9833333333333334,0
S36,4,2.3583333333333334,0
S36,5,5.541666666666666,1
S36,6,2.2083333333333335,0
S36,7,0.5916666666666667,0
S36,8,0.5083333333333333,0
S36,9,0.7749999999999999,0
S36,10,0.19166666666666668,0
S36,11,0.9666666666666667,0
S36,12,1.9333333333333333,0
S36,13,2.275,1
S36,14,1.5666666666666667,0
S36,15,0.6000000000000001,0
S36,16,1.9083333333333332,0
S36,17,0.3333333333333333,0
S36,18,1.275,0
S36,19,1.2833333333333332,0
S36,20,0.4083333333333334,0
S36,21,0.475,0
S36,22,3.2916666666666665,0
S36,23,2.2666666666666666,0
S36,24,1.5333333333333332,0
S36,25,0.5666666666666667,0
S36,26,1.5916666666666666,0
S36,27,0.475,0
S36,28,0.6583333333333333,0
S36,29,1.175,0
S36,30,0.975,0
S36,31,0.19166666666666668,0
S36,32,0.008333333333333333,0
S36,33,0.6916666666666667,0
S36,34,0.2,0
S36,35,0.5333333333333333,0
S36,36,0.8666666666666667,0
S36,37,0.875,0
S36,38,1.4166666666666667,0
S36,39,1.7666666666666666,0
S36,40,1.1333333333333333,0
S36,41,3.808333333333333,1
S36,42,0.6,0
S36,43,2.816666666666667,1
S36,44,1.9583333333333333,0
S36,45,0.975,0
S36,46,0.8833333333333333,0
S36,47,0.5833333333333334,0
S36,48,0.8,0
S36,49,0.7333333333333333,0
S36,50,1.7583333333333333,0
S36,51,1.6166666666666667,1
S36,52,1.5,0
S36,53,1.6666666666666667,0
S36,54,1.95,0
S36,55,0.2916666666666667,0
S36,56,0.4166666666666667,0
S36,57,0.725,0
S36,58,1.9916666666666667,1
S36,59,0.75,0
S36,60,0.6,0
S36,61,0.65,0
S36,62,0.7,0
S36,63,0.5166666666666667,0
S36,64,0.6583333333333333,0
S36,65,0.5916666666666667,0
S36,66,0.6166666666666667,0
S36,67,3.558333333333333,1
S36,68,2.3833333333333333,0
S36,69,2.75,0
S36,70,1.0583333333333333,0
S36,71,0.4666666666666667,0
S36,72,2.9,0
S36,73,0.6083333333333333,0
S36,74,1.4416666666666667,0
S36,75,0.7416666666666667,0
S36,76,0.6833333333333333,0
S36,77,0.55,0
S36,78,0.5083333333333333,0
S36,79,0.0,0
S36,80,0.2833333333333333,0
S36,81,3.8666666666666667,1
S36,82,0.44166666666666665,0
S36,83,0.8,0
S36,84,0.2833333333333333,0
S36,85,1.0,0
S36,86,0.475,0
S36,87,1.2583333333333333,0
S36,88,2.7666666666666666,1
S36,89,0.16666666666666666,0
S36,90,0.15833333333333333,0
S36,91,0.4083333333333333,0
S36,92,0.175,0
S36,93,0.20833333333333334,0
S36,94,0.525,0
S36,95,1.25,0
S36,96,0.26666666666666666,0
S36,97,0.35,0
S36,98,1.2416666666666667,0
S36,99,3.5,1
S36,100,1.5166666666666666,0
S36,101,4.1,0
S36,102,2.2083333333333335,0
S36,103,1.425,1
S36,104,1.2083333333333333,0
S36,105,1.4416666666666667,0
S36,106,0.6083333333333333,0
S36,107,0.025,0
S36,108,0.6666666666666666,0
S36,109,1.325,0
S36,110,1.075,0
S36,111,0.8416666666666667,0
S36,112,1.1333333333333333,0
S36,113,1.1583333333333334,0
S36,114,0.925,0
S36,115,2.066666666666667,0
S36,116,0.7916666666666666,0
S36,117,0.2916666666666667,0
S36,118,2.8666666666666667,1
S36,119,0.4166666666666667,0
S36,120,0.30833333333333335,0
S36,121,1.0916666666666666,0
S36,122,0.575,0
S36,123,0.2916666666666667,0
S36,124,1.0583333333333333,1
S36,125,2.275,0
S36,126,0.2916666666666667,0
S36,127,0.525,0
S36,128,0.008333333333333333,0
S36,129,0.775,0
S36,130,0.225,0
S36,131,0.5916666666666667,0
S36,132,0.725,0
S36,133,0.8,0
S36,134,0.15833333333333333,0
S36,135,0.425,0
S36,136,1.1333333333333333,0
S36,137,0.75,0
S36,138,0.6166666666666667,0
S36,139,0.3333333333333333,0
S36,140,1.075,0
S36,141,1.4916666666666667,0
S36,142,0.625,0
S36,143,0.5416666666666666,0
S36,144,1.3833333333333333,1
S37,1,2.866666666666667,0
S37,2,3.041666666666667,0
S37,3,1.9833333333333334,0
S37,4,0.9333333333333333,0
S37,5,2.0166666666666666,0
S37,6,2.158333333333333,0
S37,7,1.7416666666666667,0
S37,8,4.616666666666667,0
S37,9,8.183333333333334,1
S37,10,3.841666666666667,0
S37,11,3.7,0
S37,12,1.375,0
S37,13,3.5083333333333333,0
S37,14,1.2333333333333332,0
S37,15,0.4,0
S37,16,4.208333333333333,1
S37,17,2.033333333333333,0
S37,18,0.7166666666666667,0
S37,19,4.25,1
S37,20,1.825,0
S37,21,2.8083333333333336,0
S37,22,1.6583333333333332,0
S37,23,2.058333333333333,0
S37,24,1.8,0
S37,25,4.541666666666667,0
S37,26,6.6,1
S37,27,3.8,0
S37,28,1.6083333333333334,0
S37,29,1.2833333333333334,0
S37,30,1.9166666666666667,0
S37,31,1.0416666666666667,0
S37,32,0.5666666666666667,0
S37,33,1.0333333333333334,0
S37,34,0.9583333333333334,0
S37,35,0.775,0
S37,36,0.7416666666666667,0
S37,37,5.358333333333333,0
S37,38,4.941666666666666,0
S37,39,3.0,0
S37,40,1.7333333333333334,0
S37,41,2.225,0
S37,42,0.7333333333333333,0
S37,43,0.925,0
S37,44,0.7583333333333333,0
S37,45,0.4583333333333333,0
S37,46,2.816666666666667,1
S37,47,1.275,0
S37,48,0.5333333333333333,0
S37,49,2.6166666666666667,0
S37,50,1.4083333333333334,0
S37,51,2.2,0
S37,52,1.9333333333333333,0
S37,53,1.25,0
S37,54,1.6083333333333334,0
S37,55,2.375,0
S37,56,3.775,1
S37,57,2.408333333333333,0
S37,58,4.558333333333334,1
S37,59,2.3666666666666667,0
S37,60,5.866666666666666,1
S37,61,2.9833333333333334,0
S37,62,1.35,0
S37,63,1.4916666666666667,0
S37,64,3.066666666666667,1
S37,65,1.4916666666666667,0
S37,66,3.175,0
S37,67,0.65,0
S37,68,0.5166666666666667,0
S37,69,0.4583333333333333,0
S37,70,0.8916666666666667,0
S37,71,1.65,0
S37,72,1.2666666666666666,0
S37,73,2.1666666666666665,0
S37,74,4.166666666666667,1
S37,75,2.675,0
S37,76,2.65,0
S37,77,1.8333333333333333,0
S37,78,1.0166666666666666,0
S37,79,1.5666666666666667,0
S37,80,1.725,0
S37,81,2.9,0
S37,82,5.091666666666667,1
S37,83,1.0833333333333333,0
S37,84,1.1916666666666667,0
S37,85,3.683333333333333,0
S37,86,2.6666666666666665,0
S37,87,2.15,0
S37,88,3.425,1
S37,89,1.525,0
S37,90,1.1916666666666667,0
S37,91,4.341666666666667,1
S37,92,1.2416666666666667,0
S37,93,0.9666666666666667,0
S37,94,3.55,0
S37,95,1.0916666666666666,0
S37,96,0.8916666666666667,0
S37,97,7.85,1
S37,98,4.758333333333334,0
S37,99,2.2083333333333335,0
S37,100,6.775,1
S37,101,5.241666666666666,0
S37,102,1.3916666666666666,0
S37,103,3.85,1
S37,104,1.5666666666666667,0
S37,105,4.591666666666667,1
S37,106,0.65,0
S37,107,0.5,0
S37,108,0.95,0
S37,109,3.2666666666666666,0
S37,110,2.5416666666666665,0
S37,111,2.3333333333333335,0
S37,112,0.6833333333333333,0
S37,113,0.7916666666666666,0
S37,114,3.8916666666666666,1
S37,115,2.3666666666666667,0
S37,116,0.5833333333333334,0
S37,117,0.675,0
S37,118,0.48333333333333334,0
S37,119,0.625,0
S37,120,1.875,0
S37,121,2.091666666666667,0
S37,122,3.1166666666666667,1
S37,123,1.4833333333333334,0
S37,124,2.275,1
S37,125,2.6666666666666665,0
S37,126,0.425,0
S37,127,0.4583333333333333,0
S37,128,0.3333333333333333,0
S37,129,2.3916666666666666,1
S37,130,1.125,0
S37,131,0.6166666666666667,0
S37,132,0.6416666666666667,0
S37,133,1.3583333333333334,0
S37,134,0.5916666666666667,0
S37,135,1.1833333333333333,0
S37,136,0.8416666666666667,0
S37,137,1.8,0
S37,138,2.425,0
S37,139,0.7083333333333334,0
S37,140,0.825,0
S37,141,3.6333333333333333,1
S37,142,0.8666666666666667,0
S37,143,1.4,0
S37,144,1.3166666666666667,0
S38,1,2.783333333333333,0
S38,2,2.45,0
S38,3,3.1333333333333333,0
S38,4,4.766666666666667,1
S38,5,2.7083333333333335,0
S38,6,2.7583333333333333,0
S38,7,1.5416666666666667,0
S38,8,2.5999999999999996,0
S38,9,3.2,0
S38,10,2.908333333333333,1
S38,11,2.6166666666666663,0
S38,12,1.3916666666666666,0
S38,13,1.9000000000000001,0
S38,14,3.308333333333333,1
S38,15,0.016666666666666666,0
S38,16,1.1083333333333334,0
S38,17,0.825,0
S38,18,0.575,0
S38,19,2.033333333333333,0
S38,20,0.9833333333333333,0
S38,21,1.3583333333333334,0
S38,22,0.9666666666666668,0
S38,23,1.8666666666666667,0
S38,24,3.0833333333333335,1
S38,25,3.2916666666666665,0
S38,26,2.333333333333333,0
S38,27,5.283333333333333,1
S38,28,1.8333333333333335,0
S38,29,1.8166666666666667,0
S38,30,3.3916666666666666,0
S38,31,0.325,0
S38,32,1.2083333333333333,0
S38,33,2.0,0
S38,34,0.9,0
S38,35,0.95,0
S38,36,3.4,1
S38,37,2.666666666666667,0
S38,38,0.65,0
S38,39,1.7833333333333334,1
S38,40,2.475,0
S38,41,0.8666666666666667,0
S38,42,0.6416666666666667,0
S38,43,2.8333333333333335,0
S38,44,1.5833333333333333,0
S38,45,2.091666666666667,0
S38,46,0.6333333333333333,0
S38,47,2.2,1
S38,48,0.525,0
S38,49,3.2416666666666667,1
S38,50,5.775,1
S38,51,2.325,0
S38,52,1.2416666666666667,0
S38,53,0.8916666666666667,0
S38,54,0.5666666666666667,0
S38,55,1.3166666666666667,0
S38,56,1.0999999999999999,0
S38,57,6.641666666666667,1
S38,58,0.6416666666666667,0
S38,59,1.275,0
S38,60,1.35,0
S38,61,1.3833333333333333,0
S38,62,0.7416666666666667,0
S38,63,0.8583333333333333,0
S38,64,0.375,0
S38,65,0.23333333333333334,0
S38,66,0.9583333333333334,0
S38,67,2.125,0
S38,68,2.2416666666666667,1
S38,69,1.425,0
S38,70,1.675,0
S38,71,1.2916666666666667,0
S38,72,1.5833333333333333,0
S38,73,4.158333333333333,0
S38,74,1.2166666666666666,0
S38,75,1.6916666666666667,1
S38,76,0.7000000000000001,0
S38,77,0.2,0
S38,78,1.0,0
S38,79,0.7666666666666666,0
S38,80,1.5166666666666668,0
S38,81,1.2666666666666666,0
S38,82,0.95,0
S38,83,0.75,0
S38,84,1.3,0
S38,85,2.308333333333333,1
S38,86,0.4583333333333333,0
S38,87,0.6,0
S38,88,1.2000000000000002,0
S38,89,1.1666666666666667,0
S38,90,0.06666666666666667,0
S38,91,3.1166666666666667,1
S38,92,1.1333333333333333,0
S38,93,1.0916666666666668,0
S38,94,0.49166666666666664,0
S38,95,1.0833333333333333,0
S38,96,0.675,0
S38,97,7.25,1
S38,98,7.85,0
S38,99,6.091666666666667,1
S38,100,0.48333333333333334,0
S38,101,1.2333333333333334,0
S38,102,4.166666666666667,0
S38,103,3.2666666666666666,1
S38,104,2.333333333333333,0
S38,105,1.0083333333333333,0
S38,106,0.7916666666666666,0
S38,107,1.1916666666666667,0
S38,108,2.2,0
S38,109,3.1,0
S38,110,5.791666666666667,1
S38,111,5.116666666666666,0
S38,112,2.1750000000000003,0
S38,113,3.1166666666666667,0
S38,114,4.5,0
S38,115,2.316666666666667,0
S38,116,1.0416666666666667,0
S38,117,1.6333333333333333,0
S38,118,3.3083333333333336,0
S38,119,7.6,1
S38,120,3.3333333333333335,0
S38,121,0.55,0
S38,122,0.7166666666666667,0
S38,123,1.2666666666666666,0
S38,124,0.38333333333333336,0
S38,125,0.7333333333333333,1
S38,126,3.1,1
S38,127,2.441666666666667,0
S38,128,2.575,1
S38,129,3.183333333333333,1
S38,130,0.4083333333333333,0
S38,131,0.6,0
S38,132,3.125,0
S38,133,1.425,0
S38,134,2.2,0
S38,135,1.0583333333333333,0
S38,136,0.7,0
S38,137,3.25,1
S38,138,0.4583333333333333,0
S38,139,3.033333333333333,1
S38,140,1.525,0
S38,141,1.0,0
S38,142,0.7083333333333334,0
S38,143,3.9583333333333335,1
S38,144,0.8083333333333333,0
S39,1,1.6,0
S39,2,1.5833333333333333,0
S39,3,3.45,0
S39,4,1.7916666666666667,0
S39,5,1.2833333333333334,0
S39,6,1.3666666666666667,0
S39,7,1.7166666666666666,0
S39,8,2.725,1
S39,9,0.9916666666666666,0
S39,10,2.575,0
S39,11,2.2083333333333335,0
S39,12,0.36666666666666664,0
S39,13,1.325,0
S39,14,1.1833333333333333,0
S39,15,1.0583333333333333,0
S39,16,5.466666666666666,1
S39,17,2.716666666666667,0
S39,18,5.508333333333334,1
S39,19,2.0,1
S39,20,1.6416666666666666,0
S39,21,1.9666666666666666,0
S39,22,0.23333333333333334,0
S39,23,0.5166666666666667,0
S39,24,0.2833333333333333,0
S39,25,0.49166666666666664,0
S39,26,0.5916666666666667,0
S39,27,0.8166666666666667,0
S39,28,1.3666666666666667,0
S39,29,1.95,0
S39,30,1.1916666666666667,0
S39,31,0.8,0
S39,32,0.30833333333333335,0
S39,33,0.475,0
S39,34,0.49166666666666664,0
S39,35,0.38333333333333336,0
S39,36,0.9333333333333333,0
S39,37,1.225,0
S39,38,0.4166666666666667,0
S39,39,2.2083333333333335,1
S39,40,1.4083333333333334,0
S39,41,0.49166666666666664,0
S39,42,0.6833333333333333,0
S39,43,1.0583333333333333,0
S39,44,0.775,0
S39,45,0.8,0
S39,46,1.9583333333333333,0
S39,47,0.65,0
S39,48,0.35,0
S39,49,1.3666666666666667,0
S39,50,1.2833333333333334,0
S39,51,1.4333333333333333,0
S39,52,0.8,0
S39,53,1.0833333333333333,0
S39,54,1.2833333333333334,0
S39,55,0.45,0
S39,56,0.425,0
S39,57,1.5333333333333334,0
S39,58,0.43333333333333335,0
S39,59,0.9333333333333333,0
S39,60,0.6083333333333333,0
S39,61,2.533333333333333,1
S39,62,0.4083333333333333,0
S39,63,0.275,0
S39,64,0.6583333333333333,0
S39,65,2.783333333333333,1
S39,66,1.7333333333333334,0
S39,67,1.925,0
S39,68,3.5416666666666665,1
S39,69,1.0416666666666667,0
S39,70,0.9666666666666667,0
S39,71,0.7083333333333334,0
S39,72,1.4083333333333334,0
S39,73,0.8333333333333334,0
S39,74,0.8666666666666667,0
S39,75,0.55,0
S39,76,1.2333333333333334,0
S39,77,0.625,0
S39,78,0.55,0
S39,79,1.0666666666666667,0
S39,80,0.18333333333333332,0
S39,81,0.6,0
S39,82,0.175,0
S39,83,0.11666666666666667,0
S39,84,0.2833333333333333,0
S39,85,0.9833333333333333,0
S39,86,1.1833333333333333,0
S39,87,0.6583333333333333,0
S39,88,1.9166666666666667,0
S39,89,0.23333333333333334,0
S39,90,0.225,0
S39,91,0.35,0
S39,92,0.6416666666666667,0
S39,93,0.9583333333333334,0
S39,94,1.1583333333333334,0
S39,95,3.216666666666667,1
S39,96,1.0666666666666667,0
S39,97,0.8416666666666667,0
S39,98,1.0,0
S39,99,1.5416666666666667,0
S39,100,4.116666666666666,1
S39,101,1.3833333333333333,0
S39,102,1.0416666666666667,0
S39,103,0.6,0
S39,104,1.175,0
S39,105,1.5166666666666666,0
S39,106,0.6666666666666666,0
S39,107,0.55,0
S39,108,0.39166666666666666,0
S39,109,0.7916666666666666,0
S39,110,0.65,0
S39,111,0.7583333333333333,0
S39,112,0.8666666666666667,0
S39,113,3.5416666666666665,0
S39,114,0.9,0
S39,115,0.9916666666666667,0
S39,116,0.65,0
S39,117,0.24166666666666667,0
S39,118,1.5166666666666666,1
S39,119,0.36666666666666664,0
S39,120,0.375,0
S39,121,0.43333333333333335,0
S39,122,0.48333333333333334,0
S39,123,0.8,0
S39,124,0.925,0
S39,125,2.05,1
S39,126,3.0,0
S39,127,2.9916666666666667,0
S39,128,2.783333333333333,1
S39,129,1.0916666666666666,0
S39,130,1.125,0
S39,131,1.2916666666666667,0
S39,132,0.9,0
S39,133,0.4666666666666667,0
S39,134,0.9083333333333333,0
S39,135,0.6416666666666667,0
S39,136,0.975,0
S39,137,0.5166666666666667,0
S39,138,0.39166666666666666,0
S39,139,0.7583333333333333,0
S39,140,0.8666666666666667,0
S39,141,0.4583333333333333,0
S39,142,0.6833333333333333,0
S39,143,0.425,0
S39,144,0.325,0
S40,1,1.8916666666666666,0
S40,2,1.7083333333333333,0
S40,3,2.841666666666667,0
S40,4,0.6166666666666667,0
S40,5,0.8083333333333333,0
S40,6,4.391666666666667,0
S40,7,0.125,0
S40,8,0.21666666666666667,0
S40,9,1.7416666666666667,1
S40,10,0.325,0
S40,11,0.15833333333333333,0
S40,12,0.38333333333333336,0
S40,13,1.9333333333333333,0
S40,14,0.8500000000000001,0
S40,15,0.7916666666666666,0
S40,16,3.791666666666667,1
S40,17,0.475,0
S40,18,0.6333333333333333,0
S40,19,4.608333333333333,0
S40,20,5.566666666666666,1
S40,21,0.5416666666666666,0
S40,22,1.025,0
S40,23,0.9083333333333333,0
S40,24,0.5083333333333333,0
S40,25,0.7416666666666667,0
S40,26,1.15,0
S40,27,1.45,0
S40,28,3.225,0
S40,29,2.825,0
S40,30,2.525,0
S40,31,2.575,1
S40,32,2.683333333333333,0
S40,33,0.125,0
S40,34,0.35833333333333334,0
S40,35,0.8833333333333333,0
S40,36,0.45,0
S40,37,1.525,0
S40,38,1.5666666666666667,0
S40,39,1.15,0
S40,40,1.275,0
S40,41,1.25,0
S40,42,0.5416666666666666,0
S40,43,0.016666666666666666,0
S40,44,0.7083333333333334,0
S40,45,0.15833333333333333,0
S40,46,0.55,0
S40,47,0.7333333333333333,0
S40,48,0.7666666666666667,0
S40,49,0.7083333333333334,0
S40,50,1.6,0
S40,51,1.0,0
S40,52,0.175,0
S40,53,0.875,0
S40,54,0.7166666666666667,0
S40,55,0.38333333333333336,0
S40,56,0.058333333333333334,0
S40,57,0.14166666666666666,0
S40,58,1.6833333333333333,1
S40,59,0.65,0
S40,60,0.3333333333333333,0
S40,61,1.2916666666666667,0
S40,62,1.8666666666666667,0
S40,63,1.5083333333333333,0
S40,64,0.6,0
S40,65,0.075,0
S40,66,0.8666666666666667,0
S40,67,0.09166666666666666,0
S40,68,0.6166666666666667,0
S40,69,0.9333333333333333,0
S40,70,0.425,0
S40,71,1.1583333333333334,1
S40,72,1.2833333333333334,1
S40,73,1.125,0
S40,74,1.4666666666666666,0
S40,75,1.075,0
S40,76,0.4166666666666667,0
S40,77,0.15,0
S40,78,2.5,0
S40,79,0.425,0
S40,80,0.11666666666666667,0
S40,81,0.9583333333333334,1
S40,82,3.025,1
S40,83,0.5083333333333333,0
S40,84,0.016666666666666666,0
S40,85,1.175,0
S40,86,0.975,0
S40,87,2.1083333333333334,0
S40,88,0.7583333333333333,0
S40,89,0.09166666666666666,0
S40,90,0.9416666666666667,0
S40,91,0.2916666666666667,0
S40,92,0.025,0
S40,93,0.25833333333333336,0
S40,94,0.3416666666666667,0
S40,95,0.36666666666666664,0
S40,96,1.025,0
S40,97,1.5916666666666666,0
S40,98,3.1,0
S40,99,4.55,1
S40,100,0.825,0
S40,101,0.8583333333333333,0
S40,102,3.225,0
S40,103,2.316666666666667,1
S40,104,0.825,0
S40,105,0.9083333333333333,1
S40,106,1.9333333333333333,0
S40,107,1.3916666666666666,0
S40,108,1.9416666666666667,0
S40,109,2.7,0
S40,110,1.8666666666666667,0
S40,111,3.316666666666667,0
S40,112,1.7416666666666667,0
S40,113,0.95,0
S40,114,1.2583333333333333,1
S40,115,0.375,0
S40,116,1.275,0
S40,117,1.0416666666666667,0
S40,118,1.4166666666666667,1
S40,119,0.6666666666666666,0
S40,120,1.3916666666666666,1
S40,121,0.275,0
S40,122,0.425,0
S40,123,1.2,0
S40,124,0.20833333333333334,0
S40,125,0.275,0
S40,126,0.9583333333333334,0
S40,127,0.375,0
S40,128,0.5,0
S40,129,0.0,0
S40,130,0.3333333333333333,0
S40,131,0.025,0
S40,132,0.30833333333333335,0
S40,133,0.9,0
S40,134,1.7166666666666666,0
S40,135,1.7416666666666667,0
S40,136,1.175,0
S40,137,1.7083333333333333,1
S40,138,1.325,0
S40,139,0.025,0
S40,140,0.2916666666666667,0
S40,141,3.5,1
S40,142,0.03333333333333333,0
S40,143,3.3,0
S40,144,0.9333333333333333,0
S41,1,2.316666666666667,0
S41,2,3.0666666666666664,1
S41,3,1.2333333333333334,0
S41,4,0.6666666666666667,0
S41,5,1.7,0
S41,6,1.0,0
S41,7,1.2083333333333333,0
S41,8,0.475,0
S41,9,2.091666666666667,0
S41,10,1.2333333333333334,0
S41,11,0.65,0
S41,12,0.6416666666666666,0
S41,13,0.6833333333333333,0
S41,14,1.1916666666666667,0
S41,15,0.9,0
S41,16,0.8083333333333333,0
S41,17,1.9083333333333334,0
S41,18,0.9333333333333333,0
S41,19,0.3416666666666667,0
S41,20,0.4666666666666667,0
S41,21,0.8166666666666667,0
S41,22,0.24166666666666667,0
S41,23,1.3083333333333333,0
S41,24,2.3833333333333333,0
S41,25,0.4166666666666667,0
S41,26,0.5333333333333334,0
S41,27,0.36666666666666664,0
S41,28,0.35,0
S41,29,0.016666666666666666,0
S41,30,0.95,0
S41,31,2.1166666666666667,0
S41,32,1.3166666666666667,0
S41,33,2.5166666666666666,1
S41,34,1.3666666666666667,0
S41,35,0.5166666666666667,0
S41,36,0.7333333333333333,0
S41,37,0.5916666666666667,0
S41,38,0.55,0
S41,39,0.7583333333333333,0
S41,40,0.041666666666666664,0
S41,41,0.825,0
S41,42,0.35833333333333334,0
S41,43,0.24166666666666667,0
S41,44,1.4416666666666667,1
S41,45,0.9666666666666666,0
S41,46,0.35,0
S41,47,0.6166666666666667,0
S41,48,0.41666666666666663,0
S41,49,0.7250000000000001,0
S41,50,0.775,0
S41,51,0.825,0
S41,52,0.2833333333333334,0
S41,53,0.008333333333333333,0
S41,54,0.6916666666666667,0
S41,55,0.7833333333333333,0
S41,56,1.1166666666666667,0
S41,57,1.6,0
S41,58,0.55,0
S41,59,0.4166666666666667,0
S41,60,1.3583333333333334,1
S41,61,0.5166666666666666,0
S41,62,0.6583333333333334,0
S41,63,0.31666666666666665,0
S41,64,0.48333333333333334,0
S41,65,0.9166666666666667,1
S41,66,0.8166666666666667,0
S41,67,1.4583333333333335,1
S41,68,0.275,0
S41,69,0.575,0
S41,70,0.21666666666666667,0
S41,71,0.31666666666666665,0
S41,72,0.5083333333333333,0
S41,73,0.8166666666666667,0
S41,74,1.0083333333333333,0
S41,75,0.7666666666666666,0
S41,76,1.5666666666666667,1
S41,77,0.7916666666666666,0
S41,78,1.1083333333333334,0
S41,79,2.316666666666667,0
S41,80,1.625,0
S41,81,1.5666666666666667,0
S41,82,0.48333333333333334,0
S41,83,0.8416666666666667,0
S41,84,0.3416666666666667,0
S41,85,0.5333333333333333,0
S41,86,0.775,0
S41,87,0.6,0
S41,88,1.525,0
S41,89,1.4416666666666667,0
S41,90,0.9083333333333333,0
S41,91,1.1666666666666667,0
S41,92,0.95,0
S41,93,2.591666666666667,1
S41,94,1.5166666666666666,0
S41,95,1.7833333333333334,0
S41,96,2.2333333333333334,0
S41,97,0.6,0
S41,98,0.6333333333333333,0
S41,99,0.6833333333333333,0
S41,100,0.6083333333333333,0
S41,101,0.5583333333333333,0
S41,102,0.525,0
S41,103,1.3,1
S41,104,0.9333333333333333,0
S41,105,0.03333333333333333,0
S41,106,0.525,0
S41,107,0.575,0
S41,108,0.36666666666666664,0
S41,109,0.5833333333333334,0
S41,110,0.9416666666666667,0
S41,111,1.1666666666666667,0
S41,112,0.4166666666666667,0
S41,113,0.44166666666666665,0
S41,114,0.775,1
S41,115,0.03333333333333333,0
S41,116,0.5833333333333334,0
S41,117,0.175,0
S41,118,1.8083333333333333,1
S41,119,0.06666666666666667,0
S41,120,0.75,0
S41,121,0.425,0
S41,122,0.43333333333333335,0
S41,123,0.6,0
S41,124,0.675,0
S41,125,0.5666666666666667,0
S41,126,0.8666666666666667,0
S41,127,0.8666666666666667,0
S41,128,0.675,0
S41,129,0.5583333333333333,0
S41,130,0.8166666666666667,0
S41,131,0.6416666666666667,0
S41,132,0.15833333333333333,0
S41,133,0.25,0
S41,134,1.0083333333333333,0
S41,135,0.7333333333333333,0
S41,136,1.3416666666666666,0
S41,137,1.0166666666666666,0
S41,138,0.6333333333333333,0
S41,139,0.6666666666666666,1
S41,140,0.11666666666666667,0
S41,141,0.016666666666666666,0
S41,142,0.6666666666666666,0
S41,143,1.0666666666666667,0
S41,144,0.6916666666666667,0
S42,1,0.075,0
S42,2,0.058333333333333334,0
S42,3,1.0,0
S42,4,0.14166666666666666,0
S42,5,0.016666666666666666,1
S42,6,0.375,0
S42,7,0.0,0
S42,8,0.0,1
S42,9,0.1,0
S42,10,0.0,0
S42,11,0.0,0
S42,12,0.25,0
S42,13,1.2666666666666666,0
S42,14,1.3416666666666666,0
S42,15,0.7333333333333333,0
S42,16,0.1,0
S42,17,0.25833333333333336,0
S42,18,0.0,0
S42,19,0.375,1
S42,20,0.016666666666666666,0
S42,21,0.0,0
S42,22,0.5333333333333333,0
S42,23,0.375,0
S42,24,0.025,0
S42,25,1.5833333333333335,0
S42,26,2.058333333333333,0
S42,27,0.7833333333333334,0
S42,28,0.4166666666666667,0
S42,29,0.2833333333333333,0
S42,30,0.008333333333333333,0
S42,31,0.0,0
S42,32,0.15,0
S42,33,0.03333333333333333,0
S42,34,3.2416666666666667,1
S42,35,1.85,0
S42,36,1.2583333333333333,0
S42,37,1.2583333333333333,0
S42,38,2.808333333333333,0
S42,39,0.625,0
S42,40,0.0,0
S42,41,0.0,1
S42,42,0.43333333333333335,0
S42,43,0.6833333333333333,0
S42,44,0.7166666666666667,0
S42,45,0.49166666666666664,0
S42,46,0.30833333333333335,0
S42,47,0.35833333333333334,0
S42,48,0.55,0
S42,49,2.816666666666667,0
S42,50,1.1166666666666667,0
S42,51,1.55,0
S42,52,0.33333333333333337,0
S42,53,1.0,0
S42,54,2.2333333333333334,0
S42,55,0.3833333333333333,0
S42,56,0.7166666666666667,1
S42,57,0.15000000000000002,0
S42,58,2.2083333333333335,1
S42,59,4.216666666666667,0
S42,60,4.074999999999999,1
S42,61,2.1,0
S42,62,1.8916666666666666,0
S42,63,2.3833333333333333,0
S42,64,3.0166666666666666,0
S42,65,1.7916666666666665,0
S42,66,0.49166666666666664,0
S42,67,1.1083333333333334,0
S42,68,2.4166666666666665,0
S42,69,1.7416666666666667,0
S42,70,3.4,1
S42,71,3.316666666666667,0
S42,72,1.675,0
S42,73,1.3666666666666667,0
S42,74,1.4000000000000001,0
S42,75,1.3333333333333333,0
S42,76,0.041666666666666664,0
S42,77,0.7833333333333334,0
S42,78,1.775,0
S42,79,0.0,0
S42,80,0.03333333333333333,0
S42,81,0.175,0
S42,82,1.175,0
S42,83,1.4833333333333332,1
S42,84,0.4666666666666667,0
S42,85,0.225,0
S42,86,0.44166666666666665,0
S42,87,1.4416666666666667,1
S42,88,1.075,0
S42,89,0.5,0
S42,90,0.0,0
S42,91,0.0,0
S42,92,0.0,1
S42,93,0.0,0
S42,94,0.06666666666666667,0
S42,95,0.43333333333333335,0
S42,96,0.0,0
S42,97,0.43333333333333335,0
S42,98,0.325,0
S42,99,0.3333333333333333,1
S42,100,0.0,0
S42,101,0.0,0
S42,102,0.36666666666666664,0
S42,103,0.0,1
S42,104,0.0,0
S42,105,0.03333333333333333,0
S42,106,0.0,0
S42,107,0.0,0
S42,108,0.0,0
S42,109,0.0,0
S42,110,0.0,0
S42,111,0.0,0
S42,112,0.03333333333333333,0
S42,113,0.19166666666666668,0
S42,114,0.0,0
S42,115,0.008333333333333333,0
S42,116,0.0,0
S42,117,0.0,0
S42,118,0.0,1
S42,119,0.0,0
S42,120,0.0,0
S42,121,0.3416666666666667,0
S42,122,0.4166666666666667,0
S42,123,0.2916666666666667,0
S42,124,0.11666666666666667,1
S42,125,0.4666666666666667,0
S42,126,0.5333333333333333,0
S42,127,0.11666666666666667,1
S42,128,0.4166666666666667,0
S42,129,0.016666666666666666,0
S42,130,0.20833333333333334,0
S42,131,0.041666666666666664,0
S42,132,0.26666666666666666,0
S42,133,0.85,0
S42,134,0.6333333333333333,0
S42,135,0.39166666666666666,0
S42,136,1.2333333333333334,0
S42,137,3.875,1
S42,138,0.16666666666666666,0
S42,139,0.09166666666666666,0
S42,140,0.20833333333333334,1
S42,141,0.0,0
S42,142,0.008333333333333333,0
S42,143,0.21666666666666667,0
S42,144,0.21666666666666667,0
S43,1,0.8833333333333333,0
S43,2,0.7833333333333334,0
S43,3,1.2333333333333334,0
S43,4,2.716666666666667,1
S43,5,1.0499999999999998,0
S43,6,2.058333333333333,0
S43,7,1.025,0
S43,8,0.875,0
S43,9,1.5333333333333332,0
S43,10,2.625,1
S43,11,1.4666666666666666,0
S43,12,0.95,0
S43,13,3.15,1
S43,14,0.8083333333333333,0
S43,15,0.4,0
S43,16,0.35833333333333334,0
S43,17,0.016666666666666666,0
S43,18,0.24166666666666667,0
S43,19,1.425,0
S43,20,1.2083333333333333,0
S43,21,0.8916666666666667,0
S43,22,1.55,0
S43,23,0.36666666666666664,0
S43,24,0.6,0
S43,25,0.6333333333333333,0
S43,26,0.5333333333333333,0
S43,27,0.20833333333333334,0
S43,28,1.1,0
S43,29,0.025,0
S43,30,0.025,0
S43,31,0.025,0
S43,32,0.8166666666666667,0
S43,33,0.45,0
S43,34,0.14166666666666666,0
S43,35,0.15833333333333333,0
S43,36,0.075,0
S43,37,2.3,1
S43,38,1.3083333333333333,0
S43,39,0.9416666666666667,0
S43,40,0.38333333333333336,0
S43,41,0.21666666666666667,0
S43,42,1.175,0
S43,43,0.075,0
S43,44,0.7833333333333333,0
S43,45,2.025,0
S43,46,1.8583333333333334,1
S43,47,0.25833333333333336,0
S43,48,0.375,0
S43,49,1.525,0
S43,50,0.14166666666666666,0
S43,51,0.21666666666666667,0
S43,52,1.65,1
S43,53,0.625,0
S43,54,0.1,0
S43,55,0.016666666666666666,0
S43,56,0.49166666666666664,0
S43,57,1.175,0
S43,58,1.7333333333333334,0
S43,59,0.475,0
S43,60,0.13333333333333333,0
S43,61,0.85,0
S43,62,0.0,0
S43,63,0.0,0
S43,64,2.325,1
S43,65,0.43333333333333335,0
S43,66,0.0,0
S43,67,0.23333333333333334,0
S43,68,3.15,1
S43,69,0.5583333333333333,0
S43,70,0.3,0
S43,71,0.3,0
S43,72,0.9,0
S43,73,0.7833333333333333,0
S43,74,1.0833333333333333,0
S43,75,0.4166666666666667,0
S43,76,0.7916666666666666,0
S43,77,0.0,0
S43,78,0.14166666666666666,0
S43,79,0.7583333333333333,0
S43,80,0.6916666666666667,0
S43,81,0.275,0
S43,82,1.5333333333333334,0
S43,83,1.0083333333333333,0
S43,84,0.8666666666666667,0
S43,85,0.8583333333333333,0
S43,86,0.95,0
S43,87,3.4166666666666665,1
S43,88,0.225,0
S43,89,0.0,0
S43,90,0.24166666666666667,0
S43,91,0.825,0
S43,92,0.23333333333333334,0
S43,93,0.30833333333333335,0
S43,94,0.825,0
S43,95,1.275,1
S43,96,0.325,0
S43,97,0.4583333333333333,0
S43,98,0.016666666666666666,0
S43,99,0.525,0
S43,100,1.05,0
S43,101,0.875,0
S43,102,1.1166666666666667,0
S43,103,2.4583333333333335,1
S43,104,1.1916666666666667,0
S43,105,0.5,0
S43,106,1.0916666666666666,0
S43,107,0.325,0
S43,108,0.7166666666666667,0
S43,109,0.5416666666666666,0
S43,110,2.566666666666667,1
S43,111,0.39166666666666666,0
S43,112,0.008333333333333333,0
S43,113,0.008333333333333333,0
S43,114,0.225,0
S43,115,0.6416666666666667,0
S43,116,0.9333333333333333,0
S43,117,4.1,0
S43,118,0.8166666666666667,0
S43,119,0.4583333333333333,0
S43,120,2.9166666666666665,1
S43,121,0.2,0
S43,122,1.85,1
S43,123,0.475,0
S43,124,0.4166666666666667,0
S43,125,0.008333333333333333,0
S43,126,0.7083333333333334,0
S43,127,0.225,0
S43,128,0.5333333333333333,0
S43,129,1.0916666666666666,1
S43,130,0.0,0
S43,131,0.9916666666666667,0
S43,132,0.5916666666666667,0
S43,133,0.0,0
S43,134,0.0,0
S43,135,0.0,0
S43,136,1.8916666666666666,0
S43,137,0.43333333333333335,0
S43,138,0.325,0
S43,139,0.4083333333333333,0
S43,140,1.0666666666666667,1
S43,141,0.175,0
S43,142,0.25,0
S43,143,0.2833333333333333,0
S43,144,0.49166666666666664,0
S44,1,1.3166666666666667,0
S44,2,1.775,0
S44,3,1.1,0
S44,4,1.2916666666666667,0
S44,5,0.225,0
S44,6,0.5333333333333333,0
S44,7,1.6,1
S44,8,0.6583333333333333,0
S44,9,1.0416666666666667,0
S44,10,1.6916666666666667,0
S44,11,0.875,0
S44,12,1.1166666666666667,0
S44,13,1.4833333333333334,0
S44,14,3.6,1
S44,15,0.95,0
S44,16,1.25,0
S44,17,2.175,0
S44,18,0.775,0
S44,19,4.483333333333333,0
S44,20,4.925,1
S44,21,1.05,0
S44,22,1.225,0
S44,23,2.075,0
S44,24,1.475,0
S44,25,0.6916666666666667,0
S44,26,0.425,0
S44,27,1.4916666666666667,0
S44,28,0.0,0
S44,29,1.2416666666666667,0
S44,30,1.45,0
S44,31,1.625,0
S44,32,2.225,1
S44,33,1.05,0
S44,34,1.425,0
S44,35,4.05,0
S44,36,0.975,0
S44,37,1.5833333333333333,0
S44,38,1.3,0
S44,39,1.5583333333333333,0
S44,40,0.8916666666666667,0
S44,41,0.7,0
S44,42,1.8166666666666667,0
S44,43,0.8833333333333333,0
S44,44,1.6916666666666667,0
S44,45,2.3833333333333333,0
S44,46,1.2583333333333333,0
S44,47,3.558333333333333,1
S44,48,1.0166666666666666,0
S44,49,0.5833333333333334,0
S44,50,0.6583333333333333,0
S44,51,0.6333333333333333,0
S44,52,0.275,0
S44,53,0.45,0
S44,54,0.03333333333333333,0
S44,55,0.5583333333333333,0
S44,56,0.4083333333333333,0
S44,57,0.35833333333333334,0
S44,58,1.2166666666666666,0
S44,59,0.725,0
S44,60,0.9666666666666667,1
S44,61,1.0666666666666667,0
S44,62,0.725,0
S44,63,1.0083333333333333,0
S44,64,1.3,1
S44,65,0.325,0
S44,66,1.9833333333333334,0
S44,67,1.1,0
S44,68,2.058333333333333,1
S44,69,0.6,0
S44,70,1.9666666666666666,0
S44,71,0.7833333333333333,0
S44,72,0.48333333333333334,0
S44,73,0.016666666666666666,0
S44,74,0.225,0
S44,75,0.6166666666666667,0
S44,76,0.25,0
S44,77,0.85,0
S44,78,1.1833333333333333,0
S44,79,6.7,0
S44,80,6.808333333333334,1
S44,81,1.4166666666666665,0
S44,82,1.1666666666666665,0
S44,83,1.1166666666666667,0
S44,84,1.1333333333333333,0
S44,85,0.5333333333333333,0
S44,86,0.55,0
S44,87,0.9916666666666667,0
S44,88,0.38333333333333336,0
S44,89,1.9583333333333333,1
S44,90,0.7833333333333333,0
S44,91,0.18333333333333332,0
S44,92,0.6333333333333333,0
S44,93,1.2249999999999999,0
S44,94,1.5833333333333333,0
S44,95,1.1166666666666667,0
S44,96,1.9333333333333333,0
S44,97,0.475,0
S44,98,3.2416666666666667,1
S44,99,0.875,0
S44,100,1.7166666666666666,0
S44,101,0.5833333333333333,0
S44,102,2.525,0
S44,103,3.0083333333333333,1
S44,104,1.7583333333333333,0
S44,105,3.466666666666667,0
S44,106,1.4583333333333333,0
S44,107,1.7916666666666667,0
S44,108,1.1916666666666667,0
S44,109,0.7833333333333333,0
S44,110,2.1166666666666667,0
S44,111,2.9833333333333334,1
S44,112,0.6833333333333333,0
S44,113,0.4083333333333333,0
S44,114,1.5583333333333333,0
S44,115,3.85,1
S44,116,3.091666666666667,0
S44,117,3.3833333333333333,0
S44,118,1.9083333333333332,0
S44,119,1.175,0
S44,120,1.925,0
S44,121,0.36666666666666664,0
S44,122,1.6,1
S44,123,1.5916666666666666,0
S44,124,0.375,0
S44,125,0.825,0
S44,126,0.041666666666666664,0
S44,127,0.2916666666666667,0
S44,128,0.016666666666666666,0
S44,129,0.6583333333333333,0
S44,130,0.20833333333333334,0
S44,131,0.8,0
S44,132,0.2916666666666667,0
S44,133,0.6,0
S44,134,0.2,0
S44,135,0.48333333333333334,0
S44,136,0.425,0
S44,137,1.1333333333333333,0
S44,138,0.5166666666666667,0
S44,139,1.1333333333333333,0
S44,140,2.808333333333333,1
S44,141,1.0916666666666666,0
S44,142,1.275,0
S44,143,1.1583333333333334,0
S44,144,1.5,0
