nohup: ignoring input
[baseline] building dataset (graph-free) …
  [Dataset] 'S01': 16 epochs  EEG=(1500, 20)  ET=(600, 6)

[Channel Harmonization]
  Subject   : S01
  Strategy  : index-based (bad_channels.json)
  C_subj    : 20  →  RAW_MONTAGE_N : 24
  Missing   : ['X3', 'X2', 'X1', 'TRG']
  Filled with zeros.


[Channel Harmonization]
  Subject   : S01
  Strategy  : index-based (bad_channels.json)
  C_subj    : 20  →  RAW_MONTAGE_N : 24
  Missing   : ['X3', 'X2', 'X1', 'TRG']
  Filled with zeros.

  [Dataset] 'S01': pre-computed labels loaded [multimodal (EEG+ET, global threshold)]  15 epochs  EEG=(1500, 19)
  [Dataset] 'S02': 8 epochs  EEG=(1500, 24)  ET=(600, 6)
  [Dataset] 'S02': pre-computed labels loaded [multimodal (EEG+ET, global threshold)]  7 epochs  EEG=(1500, 19)
  [Dataset] 'S03': 7 epochs  EEG=(1500, 24)  ET=(600, 6)
  [Dataset] 'S03': pre-computed labels loaded [multimodal (EEG+ET, global threshold)]  6 epochs  EEG=(1500, 19)
  [Dataset] 'S05': 8 epochs  EEG=(1500, 24)  ET=(600, 6)
  [Dataset] 'S05': pre-computed labels loaded [multimodal (EEG+ET, global threshold)]  8 epochs  EEG=(1500, 19)
  [Dataset] 'S06': 9 epochs  EEG=(1500, 24)  ET=(600, 6)
  [Dataset] 'S06': pre-computed labels loaded [multimodal (EEG+ET, global threshold)]  8 epochs  EEG=(1500, 19)
  [Dataset] 'S07': 8 epochs  EEG=(1500, 24)  ET=(600, 6)
  [Dataset] 'S07': pre-computed labels loaded [multimodal (EEG+ET, global threshold)]  7 epochs  EEG=(1500, 19)
  [Dataset] 'S08': 17 epochs  EEG=(1500, 24)  ET=(600, 6)
  [Dataset] 'S08': pre-computed labels loaded [multimodal (EEG+ET, global threshold)]  16 epochs  EEG=(1500, 19)
  [Dataset] 'S09': 11 epochs  EEG=(1500, 24)  ET=(600, 6)
  [Dataset] 'S09': pre-computed labels loaded [multimodal (EEG+ET, global threshold)]  10 epochs  EEG=(1500, 19)
  [Dataset] 'S10': 13 epochs  EEG=(1500, 24)  ET=(600, 6)
  [Dataset] 'S10': pre-computed labels loaded [multimodal (EEG+ET, global threshold)]  12 epochs  EEG=(1500, 19)
  [Dataset] 'S12': 8 epochs  EEG=(1500, 24)  ET=(600, 6)
  [Dataset] 'S12': pre-computed labels loaded [multimodal (EEG+ET, global threshold)]  7 epochs  EEG=(1500, 19)
  [Dataset] 'S13': 7 epochs  EEG=(1500, 24)  ET=(600, 6)
  [Dataset] 'S13': pre-computed labels loaded [multimodal (EEG+ET, global threshold)]  6 epochs  EEG=(1500, 19)
  [Dataset] 'S14': 9 epochs  EEG=(1500, 24)  ET=(600, 6)
  [Dataset] 'S14': pre-computed labels loaded [multimodal (EEG+ET, global threshold)]  8 epochs  EEG=(1500, 19)
  [Dataset] 'S15': 7 epochs  EEG=(1500, 24)  ET=(600, 6)
  [Dataset] 'S15': pre-computed labels loaded [multimodal (EEG+ET, global threshold)]  6 epochs  EEG=(1500, 19)
  [Dataset] 'S16': 10 epochs  EEG=(1500, 24)  ET=(600, 6)
  [Dataset] 'S16': pre-computed labels loaded [multimodal (EEG+ET, global threshold)]  8 epochs  EEG=(1500, 19)
  [Dataset] 'S17': 8 epochs  EEG=(1500, 24)  ET=(600, 6)
  [Dataset] 'S17': pre-computed labels loaded [multimodal (EEG+ET, global threshold)]  7 epochs  EEG=(1500, 19)
  [Dataset] 'S18': 16 epochs  EEG=(1500, 24)  ET=(600, 6)
  [Dataset] 'S18': pre-computed labels loaded [multimodal (EEG+ET, global threshold)]  14 epochs  EEG=(1500, 19)
  [Dataset] 'S19': 18 epochs  EEG=(1500, 24)  ET=(600, 6)
  [Dataset] 'S19': pre-computed labels loaded [multimodal (EEG+ET, global threshold)]  17 epochs  EEG=(1500, 19)
  [Dataset] 'S20': 8 epochs  EEG=(1500, 24)  ET=(600, 6)
  [Dataset] 'S20': pre-computed labels loaded [multimodal (EEG+ET, global threshold)]  7 epochs  EEG=(1500, 19)
  [Dataset] 'S21': 7 epochs  EEG=(1500, 24)  ET=(600, 6)
  [Dataset] 'S21': pre-computed labels loaded [multimodal (EEG+ET, global threshold)]  6 epochs  EEG=(1500, 19)
  [Dataset] 'S22': 16 epochs  EEG=(1500, 24)  ET=(600, 6)
  [Dataset] 'S22': pre-computed labels loaded [multimodal (EEG+ET, global threshold)]  14 epochs  EEG=(1500, 19)
  [Dataset] 'S23': 13 epochs  EEG=(1500, 24)  ET=(600, 6)
  [Dataset] 'S23': pre-computed labels loaded [multimodal (EEG+ET, global threshold)]  12 epochs  EEG=(1500, 19)
  [Dataset] 'S24': 14 epochs  EEG=(1500, 24)  ET=(600, 6)
  [Dataset] 'S24': pre-computed labels loaded [multimodal (EEG+ET, global threshold)]  13 epochs  EEG=(1500, 19)
  [Dataset] 'S25': 15 epochs  EEG=(1500, 24)  ET=(600, 6)
  [Dataset] 'S25': pre-computed labels loaded [multimodal (EEG+ET, global threshold)]  14 epochs  EEG=(1500, 19)
  [Dataset] 'S26': 8 epochs  EEG=(1500, 24)  ET=(600, 6)
  [Dataset] 'S26': pre-computed labels loaded [multimodal (EEG+ET, global threshold)]  7 epochs  EEG=(1500, 19)
  [Dataset] 'S27': 8 epochs  EEG=(1500, 24)  ET=(600, 6)
  [Dataset] 'S27': pre-computed labels loaded [multimodal (EEG+ET, global threshold)]  7 epochs  EEG=(1500, 19)
  [Dataset] 'S28': 8 epochs  EEG=(1500, 24)  ET=(600, 6)
  [Dataset] 'S28': pre-computed labels loaded [multimodal (EEG+ET, global threshold)]  7 epochs  EEG=(1500, 19)
  [Dataset] 'S29': 22 epochs  EEG=(1500, 24)  ET=(600, 6)
  [Dataset] 'S29': pre-computed labels loaded [multimodal (EEG+ET, global threshold)]  20 epochs  EEG=(1500, 19)
  [Dataset] 'S30': 14 epochs  EEG=(1500, 24)  ET=(600, 6)
  [Dataset] 'S30': pre-computed labels loaded [multimodal (EEG+ET, global threshold)]  13 epochs  EEG=(1500, 19)
  [Dataset] 'S31': 10 epochs  EEG=(1500, 24)  ET=(600, 6)
  [Dataset] 'S31': pre-computed labels loaded [multimodal (EEG+ET, global threshold)]  8 epochs  EEG=(1500, 19)
  [Dataset] 'S32': 8 epochs  EEG=(1500, 24)  ET=(600, 6)
  [Dataset] 'S32': pre-computed labels loaded [multimodal (EEG+ET, global threshold)]  7 epochs  EEG=(1500, 19)
  [Dataset] 'S33': 7 epochs  EEG=(1500, 24)  ET=(600, 6)
  [Dataset] 'S33': pre-computed labels loaded [multimodal (EEG+ET, global threshold)]  6 epochs  EEG=(1500, 19)
  [Dataset] 'S34': 8 epochs  EEG=(1500, 24)  ET=(600, 6)
  [Dataset] 'S34': pre-computed labels loaded [multimodal (EEG+ET, global threshold)]  7 epochs  EEG=(1500, 19)
  [Dataset] 'S35': 7 epochs  EEG=(1500, 24)  ET=(600, 6)
  [Dataset] 'S35': pre-computed labels loaded [multimodal (EEG+ET, global threshold)]  6 epochs  EEG=(1500, 19)
  [Dataset] 'S36': 8 epochs  EEG=(1500, 24)  ET=(600, 6)
  [Dataset] 'S36': pre-computed labels loaded [multimodal (EEG+ET, global threshold)]  7 epochs  EEG=(1500, 19)
  [Dataset] 'S37': 10 epochs  EEG=(1500, 24)  ET=(600, 6)
  [Dataset] 'S37': pre-computed labels loaded [multimodal (EEG+ET, global threshold)]  8 epochs  EEG=(1500, 19)
  [Dataset] 'S38': 11 epochs  EEG=(1500, 24)  ET=(600, 6)
  [Dataset] 'S38': pre-computed labels loaded [multimodal (EEG+ET, global threshold)]  10 epochs  EEG=(1500, 19)
  [Dataset] 'S39': 8 epochs  EEG=(1500, 24)  ET=(600, 6)
  [Dataset] 'S39': pre-computed labels loaded [multimodal (EEG+ET, global threshold)]  7 epochs  EEG=(1500, 19)
  [Dataset] 'S40': 8 epochs  EEG=(1500, 24)  ET=(600, 6)
  [Dataset] 'S40': pre-computed labels loaded [multimodal (EEG+ET, global threshold)]  7 epochs  EEG=(1500, 19)
  [Dataset] 'S41': 10 epochs  EEG=(1500, 24)  ET=(600, 6)
  [Dataset] 'S41': pre-computed labels loaded [multimodal (EEG+ET, global threshold)]  9 epochs  EEG=(1500, 19)
  [Dataset] 'S42': 7 epochs  EEG=(1500, 24)  ET=(600, 6)
  [Dataset] 'S42': pre-computed labels loaded [multimodal (EEG+ET, global threshold)]  7 epochs  EEG=(1500, 19)
  [Dataset] 'S43': 8 epochs  EEG=(1500, 24)  ET=(600, 6)
  [Dataset] 'S43': pre-computed labels loaded [multimodal (EEG+ET, global threshold)]  7 epochs  EEG=(1500, 19)
  [Dataset] 'S44': 8 epochs  EEG=(1500, 24)  ET=(600, 6)
  [Dataset] 'S44': pre-computed labels loaded [multimodal (EEG+ET, global threshold)]  7 epochs  EEG=(1500, 19)

  [Dataset] Engagement distribution (385 epochs):
    LOW_ENGAGEMENT: 192  (49.9%)
    HIGH_ENGAGEMENT: 193  (50.1%)
[baseline] fold range 15-28 of 42 (global numbering; outputs suffixed .part15-28)
[baseline] N=385 epochs  C=19  T=1500  subjects=42  regime=tuned(n=12)
[baseline] validation-subject rule: matched (seed 42; single-class subjects excluded: ['S16', 'S31', 'S33', 'S41', 'S44'])
[baseline] label: FOLD-WISE (scaler + median fitted per fold on the training subjects)

========== et_lstm ==========
  fold 15  S17: fold-wise label changed 0/385 epochs (train 0, val 0, test 0)
  fold 15  S17 bal=0.700 auc=1.000 mcc=+0.400 | val_bal=0.50 cfg={'lr': 0.001, 'wd': 0.0001, 'batch_size': 32, 'drop': None} ep=1
  fold 16  S18: fold-wise label changed 3/385 epochs (train 2, val 0, test 1)
  fold 16  S18 bal=0.875 auc=1.000 mcc=+0.750 | val_bal=0.50 cfg={'lr': 0.001, 'wd': 0.0001, 'batch_size': 32, 'drop': None} ep=1
  fold 17  S19: fold-wise label changed 1/385 epochs (train 1, val 0, test 0)
  fold 17  S19 bal=0.829 auc=0.929 mcc=+0.648 | val_bal=0.83 cfg={'lr': 0.001, 'wd': 0.0001, 'batch_size': 32, 'drop': None} ep=21
  fold 18  S20: fold-wise label changed 4/385 epochs (train 4, val 0, test 0)
  fold 18  S20 bal=0.750 auc=1.000 mcc=+0.645 | val_bal=0.92 cfg={'lr': 0.001, 'wd': 0.0001, 'batch_size': 32, 'drop': None} ep=1
  fold 19  S21: fold-wise label changed 3/385 epochs (train 3, val 0, test 0)
  fold 19  S21 bal=0.400 auc=0.400 mcc=-0.200 | val_bal=0.88 cfg={'lr': 0.001, 'wd': 0.0001, 'batch_size': 32, 'drop': None} ep=1
  fold 20  S22: fold-wise label changed 5/385 epochs (train 5, val 0, test 0)
  fold 20  S22 bal=0.458 auc=0.708 mcc=-0.113 | val_bal=1.00 cfg={'lr': 0.001, 'wd': 0.0001, 'batch_size': 32, 'drop': None} ep=2
  fold 21  S23: fold-wise label changed 1/385 epochs (train 1, val 0, test 0)
  fold 21  S23 bal=1.000 auc=1.000 mcc=+1.000 | val_bal=1.00 cfg={'lr': 0.001, 'wd': 0.0001, 'batch_size': 32, 'drop': None} ep=1
  fold 22  S24: fold-wise label changed 4/385 epochs (train 4, val 0, test 0)
  fold 22  S24 bal=1.000 auc=1.000 mcc=+1.000 | val_bal=1.00 cfg={'lr': 0.001, 'wd': 0.0001, 'batch_size': 32, 'drop': None} ep=4
  fold 23  S25: fold-wise label changed 4/385 epochs (train 4, val 0, test 0)
  fold 23  S25 bal=0.771 auc=0.812 mcc=+0.559 | val_bal=0.95 cfg={'lr': 0.001, 'wd': 0.0001, 'batch_size': 32, 'drop': None} ep=3
  fold 24  S26: fold-wise label changed 1/385 epochs (train 1, val 0, test 0)
  fold 24  S26 bal=1.000 auc=1.000 mcc=+1.000 | val_bal=0.88 cfg={'lr': 0.0003, 'wd': 1e-05, 'batch_size': 32, 'drop': 0.25} ep=3
  fold 25  S27: fold-wise label changed 5/385 epochs (train 5, val 0, test 0)
  fold 25  S27 bal=0.917 auc=1.000 mcc=+0.645 | val_bal=1.00 cfg={'lr': 0.001, 'wd': 0.0001, 'batch_size': 32, 'drop': None} ep=1
  fold 26  S28: fold-wise label changed 1/385 epochs (train 1, val 0, test 0)
  fold 26  S28 bal=0.875 auc=0.917 mcc=+0.750 | val_bal=0.92 cfg={'lr': 0.001, 'wd': 0.0001, 'batch_size': 32, 'drop': None} ep=2
  fold 27  S29: fold-wise label changed 11/385 epochs (train 8, val 2, test 1)
/mnt/Neuma_Model/24PHD1314/INS-HDGS-CMT/.venv/lib/python3.13/site-packages/sklearn/metrics/_classification.py:620: UserWarning: A single label was found in 'y_true' and 'y_pred'. For the confusion matrix to have the correct shape, use the 'labels' parameter to pass all known labels.
  warnings.warn(
/mnt/Neuma_Model/24PHD1314/INS-HDGS-CMT/.venv/lib/python3.13/site-packages/sklearn/metrics/_classification.py:2924: UserWarning: y_pred contains classes not in y_true
  warnings.warn("y_pred contains classes not in y_true")
/mnt/Neuma_Model/24PHD1314/INS-HDGS-CMT/.venv/lib/python3.13/site-packages/sklearn/metrics/_classification.py:2924: UserWarning: y_pred contains classes not in y_true
  warnings.warn("y_pred contains classes not in y_true")
/mnt/Neuma_Model/24PHD1314/INS-HDGS-CMT/.venv/lib/python3.13/site-packages/sklearn/metrics/_classification.py:2924: UserWarning: y_pred contains classes not in y_true
  warnings.warn("y_pred contains classes not in y_true")
/mnt/Neuma_Model/24PHD1314/INS-HDGS-CMT/.venv/lib/python3.13/site-packages/sklearn/metrics/_classification.py:2924: UserWarning: y_pred contains classes not in y_true
  warnings.warn("y_pred contains classes not in y_true")
/mnt/Neuma_Model/24PHD1314/INS-HDGS-CMT/.venv/lib/python3.13/site-packages/sklearn/metrics/_classification.py:2924: UserWarning: y_pred contains classes not in y_true
  warnings.warn("y_pred contains classes not in y_true")
/mnt/Neuma_Model/24PHD1314/INS-HDGS-CMT/.venv/lib/python3.13/site-packages/sklearn/metrics/_classification.py:2924: UserWarning: y_pred contains classes not in y_true
  warnings.warn("y_pred contains classes not in y_true")
/mnt/Neuma_Model/24PHD1314/INS-HDGS-CMT/.venv/lib/python3.13/site-packages/sklearn/metrics/_classification.py:2924: UserWarning: y_pred contains classes not in y_true
  warnings.warn("y_pred contains classes not in y_true")
/mnt/Neuma_Model/24PHD1314/INS-HDGS-CMT/.venv/lib/python3.13/site-packages/sklearn/metrics/_classification.py:2924: UserWarning: y_pred contains classes not in y_true
  warnings.warn("y_pred contains classes not in y_true")
/mnt/Neuma_Model/24PHD1314/INS-HDGS-CMT/.venv/lib/python3.13/site-packages/sklearn/metrics/_classification.py:2924: UserWarning: y_pred contains classes not in y_true
  warnings.warn("y_pred contains classes not in y_true")
/mnt/Neuma_Model/24PHD1314/INS-HDGS-CMT/.venv/lib/python3.13/site-packages/sklearn/metrics/_classification.py:2924: UserWarning: y_pred contains classes not in y_true
  warnings.warn("y_pred contains classes not in y_true")
/mnt/Neuma_Model/24PHD1314/INS-HDGS-CMT/.venv/lib/python3.13/site-packages/sklearn/metrics/_classification.py:2924: UserWarning: y_pred contains classes not in y_true
  warnings.warn("y_pred contains classes not in y_true")
/mnt/Neuma_Model/24PHD1314/INS-HDGS-CMT/.venv/lib/python3.13/site-packages/sklearn/metrics/_classification.py:2924: UserWarning: y_pred contains classes not in y_true
  warnings.warn("y_pred contains classes not in y_true")
/mnt/Neuma_Model/24PHD1314/INS-HDGS-CMT/.venv/lib/python3.13/site-packages/sklearn/metrics/_classification.py:2924: UserWarning: y_pred contains classes not in y_true
  warnings.warn("y_pred contains classes not in y_true")
/mnt/Neuma_Model/24PHD1314/INS-HDGS-CMT/.venv/lib/python3.13/site-packages/sklearn/metrics/_classification.py:2924: UserWarning: y_pred contains classes not in y_true
  warnings.warn("y_pred contains classes not in y_true")
/mnt/Neuma_Model/24PHD1314/INS-HDGS-CMT/.venv/lib/python3.13/site-packages/sklearn/metrics/_classification.py:2924: UserWarning: y_pred contains classes not in y_true
  warnings.warn("y_pred contains classes not in y_true")
/mnt/Neuma_Model/24PHD1314/INS-HDGS-CMT/.venv/lib/python3.13/site-packages/sklearn/metrics/_classification.py:2924: UserWarning: y_pred contains classes not in y_true
  warnings.warn("y_pred contains classes not in y_true")
/mnt/Neuma_Model/24PHD1314/INS-HDGS-CMT/.venv/lib/python3.13/site-packages/sklearn/metrics/_classification.py:2924: UserWarning: y_pred contains classes not in y_true
  warnings.warn("y_pred contains classes not in y_true")
/mnt/Neuma_Model/24PHD1314/INS-HDGS-CMT/.venv/lib/python3.13/site-packages/sklearn/metrics/_classification.py:2924: UserWarning: y_pred contains classes not in y_true
  warnings.warn("y_pred contains classes not in y_true")
/mnt/Neuma_Model/24PHD1314/INS-HDGS-CMT/.venv/lib/python3.13/site-packages/sklearn/metrics/_classification.py:2924: UserWarning: y_pred contains classes not in y_true
  warnings.warn("y_pred contains classes not in y_true")
/mnt/Neuma_Model/24PHD1314/INS-HDGS-CMT/.venv/lib/python3.13/site-packages/sklearn/metrics/_classification.py:2924: UserWarning: y_pred contains classes not in y_true
  warnings.warn("y_pred contains classes not in y_true")
/mnt/Neuma_Model/24PHD1314/INS-HDGS-CMT/.venv/lib/python3.13/site-packages/sklearn/metrics/_classification.py:2924: UserWarning: y_pred contains classes not in y_true
  warnings.warn("y_pred contains classes not in y_true")
/mnt/Neuma_Model/24PHD1314/INS-HDGS-CMT/.venv/lib/python3.13/site-packages/sklearn/metrics/_classification.py:2924: UserWarning: y_pred contains classes not in y_true
  warnings.warn("y_pred contains classes not in y_true")
/mnt/Neuma_Model/24PHD1314/INS-HDGS-CMT/.venv/lib/python3.13/site-packages/sklearn/metrics/_classification.py:2924: UserWarning: y_pred contains classes not in y_true
  warnings.warn("y_pred contains classes not in y_true")
/mnt/Neuma_Model/24PHD1314/INS-HDGS-CMT/.venv/lib/python3.13/site-packages/sklearn/metrics/_classification.py:2924: UserWarning: y_pred contains classes not in y_true
  warnings.warn("y_pred contains classes not in y_true")
/mnt/Neuma_Model/24PHD1314/INS-HDGS-CMT/.venv/lib/python3.13/site-packages/sklearn/metrics/_classification.py:2924: UserWarning: y_pred contains classes not in y_true
  warnings.warn("y_pred contains classes not in y_true")
/mnt/Neuma_Model/24PHD1314/INS-HDGS-CMT/.venv/lib/python3.13/site-packages/sklearn/metrics/_classification.py:2924: UserWarning: y_pred contains classes not in y_true
  warnings.warn("y_pred contains classes not in y_true")
/mnt/Neuma_Model/24PHD1314/INS-HDGS-CMT/.venv/lib/python3.13/site-packages/sklearn/metrics/_classification.py:2924: UserWarning: y_pred contains classes not in y_true
  warnings.warn("y_pred contains classes not in y_true")
/mnt/Neuma_Model/24PHD1314/INS-HDGS-CMT/.venv/lib/python3.13/site-packages/sklearn/metrics/_classification.py:2924: UserWarning: y_pred contains classes not in y_true
  warnings.warn("y_pred contains classes not in y_true")
/mnt/Neuma_Model/24PHD1314/INS-HDGS-CMT/.venv/lib/python3.13/site-packages/sklearn/metrics/_classification.py:2924: UserWarning: y_pred contains classes not in y_true
  warnings.warn("y_pred contains classes not in y_true")
/mnt/Neuma_Model/24PHD1314/INS-HDGS-CMT/.venv/lib/python3.13/site-packages/sklearn/metrics/_classification.py:2924: UserWarning: y_pred contains classes not in y_true
  warnings.warn("y_pred contains classes not in y_true")
/mnt/Neuma_Model/24PHD1314/INS-HDGS-CMT/.venv/lib/python3.13/site-packages/sklearn/metrics/_classification.py:620: UserWarning: A single label was found in 'y_true' and 'y_pred'. For the confusion matrix to have the correct shape, use the 'labels' parameter to pass all known labels.
  warnings.warn(
/mnt/Neuma_Model/24PHD1314/INS-HDGS-CMT/.venv/lib/python3.13/site-packages/sklearn/metrics/_classification.py:2924: UserWarning: y_pred contains classes not in y_true
  warnings.warn("y_pred contains classes not in y_true")
/mnt/Neuma_Model/24PHD1314/INS-HDGS-CMT/.venv/lib/python3.13/site-packages/sklearn/metrics/_classification.py:2924: UserWarning: y_pred contains classes not in y_true
  warnings.warn("y_pred contains classes not in y_true")
/mnt/Neuma_Model/24PHD1314/INS-HDGS-CMT/.venv/lib/python3.13/site-packages/sklearn/metrics/_classification.py:2924: UserWarning: y_pred contains classes not in y_true
  warnings.warn("y_pred contains classes not in y_true")
/mnt/Neuma_Model/24PHD1314/INS-HDGS-CMT/.venv/lib/python3.13/site-packages/sklearn/metrics/_classification.py:2924: UserWarning: y_pred contains classes not in y_true
  warnings.warn("y_pred contains classes not in y_true")
/mnt/Neuma_Model/24PHD1314/INS-HDGS-CMT/.venv/lib/python3.13/site-packages/sklearn/metrics/_classification.py:2924: UserWarning: y_pred contains classes not in y_true
  warnings.warn("y_pred contains classes not in y_true")
/mnt/Neuma_Model/24PHD1314/INS-HDGS-CMT/.venv/lib/python3.13/site-packages/sklearn/metrics/_classification.py:2924: UserWarning: y_pred contains classes not in y_true
  warnings.warn("y_pred contains classes not in y_true")
/mnt/Neuma_Model/24PHD1314/INS-HDGS-CMT/.venv/lib/python3.13/site-packages/sklearn/metrics/_classification.py:2924: UserWarning: y_pred contains classes not in y_true
  warnings.warn("y_pred contains classes not in y_true")
/mnt/Neuma_Model/24PHD1314/INS-HDGS-CMT/.venv/lib/python3.13/site-packages/sklearn/metrics/_classification.py:2924: UserWarning: y_pred contains classes not in y_true
  warnings.warn("y_pred contains classes not in y_true")
/mnt/Neuma_Model/24PHD1314/INS-HDGS-CMT/.venv/lib/python3.13/site-packages/sklearn/metrics/_classification.py:2924: UserWarning: y_pred contains classes not in y_true
  warnings.warn("y_pred contains classes not in y_true")
/mnt/Neuma_Model/24PHD1314/INS-HDGS-CMT/.venv/lib/python3.13/site-packages/sklearn/metrics/_classification.py:2924: UserWarning: y_pred contains classes not in y_true
  warnings.warn("y_pred contains classes not in y_true")
/mnt/Neuma_Model/24PHD1314/INS-HDGS-CMT/.venv/lib/python3.13/site-packages/sklearn/metrics/_classification.py:2924: UserWarning: y_pred contains classes not in y_true
  warnings.warn("y_pred contains classes not in y_true")
/mnt/Neuma_Model/24PHD1314/INS-HDGS-CMT/.venv/lib/python3.13/site-packages/sklearn/metrics/_classification.py:2924: UserWarning: y_pred contains classes not in y_true
  warnings.warn("y_pred contains classes not in y_true")
/mnt/Neuma_Model/24PHD1314/INS-HDGS-CMT/.venv/lib/python3.13/site-packages/sklearn/metrics/_classification.py:2924: UserWarning: y_pred contains classes not in y_true
  warnings.warn("y_pred contains classes not in y_true")
/mnt/Neuma_Model/24PHD1314/INS-HDGS-CMT/.venv/lib/python3.13/site-packages/sklearn/metrics/_classification.py:2924: UserWarning: y_pred contains classes not in y_true
  warnings.warn("y_pred contains classes not in y_true")
/mnt/Neuma_Model/24PHD1314/INS-HDGS-CMT/.venv/lib/python3.13/site-packages/sklearn/metrics/_classification.py:2924: UserWarning: y_pred contains classes not in y_true
  warnings.warn("y_pred contains classes not in y_true")
/mnt/Neuma_Model/24PHD1314/INS-HDGS-CMT/.venv/lib/python3.13/site-packages/sklearn/metrics/_classification.py:2924: UserWarning: y_pred contains classes not in y_true
  warnings.warn("y_pred contains classes not in y_true")
/mnt/Neuma_Model/24PHD1314/INS-HDGS-CMT/.venv/lib/python3.13/site-packages/sklearn/metrics/_classification.py:2924: UserWarning: y_pred contains classes not in y_true
  warnings.warn("y_pred contains classes not in y_true")
/mnt/Neuma_Model/24PHD1314/INS-HDGS-CMT/.venv/lib/python3.13/site-packages/sklearn/metrics/_classification.py:2924: UserWarning: y_pred contains classes not in y_true
  warnings.warn("y_pred contains classes not in y_true")
/mnt/Neuma_Model/24PHD1314/INS-HDGS-CMT/.venv/lib/python3.13/site-packages/sklearn/metrics/_classification.py:2924: UserWarning: y_pred contains classes not in y_true
  warnings.warn("y_pred contains classes not in y_true")
/mnt/Neuma_Model/24PHD1314/INS-HDGS-CMT/.venv/lib/python3.13/site-packages/sklearn/metrics/_classification.py:2924: UserWarning: y_pred contains classes not in y_true
  warnings.warn("y_pred contains classes not in y_true")
/mnt/Neuma_Model/24PHD1314/INS-HDGS-CMT/.venv/lib/python3.13/site-packages/sklearn/metrics/_classification.py:2924: UserWarning: y_pred contains classes not in y_true
  warnings.warn("y_pred contains classes not in y_true")
/mnt/Neuma_Model/24PHD1314/INS-HDGS-CMT/.venv/lib/python3.13/site-packages/sklearn/metrics/_classification.py:2924: UserWarning: y_pred contains classes not in y_true
  warnings.warn("y_pred contains classes not in y_true")
/mnt/Neuma_Model/24PHD1314/INS-HDGS-CMT/.venv/lib/python3.13/site-packages/sklearn/metrics/_classification.py:2924: UserWarning: y_pred contains classes not in y_true
  warnings.warn("y_pred contains classes not in y_true")
/mnt/Neuma_Model/24PHD1314/INS-HDGS-CMT/.venv/lib/python3.13/site-packages/sklearn/metrics/_classification.py:2924: UserWarning: y_pred contains classes not in y_true
  warnings.warn("y_pred contains classes not in y_true")
/mnt/Neuma_Model/24PHD1314/INS-HDGS-CMT/.venv/lib/python3.13/site-packages/sklearn/metrics/_classification.py:2924: UserWarning: y_pred contains classes not in y_true
  warnings.warn("y_pred contains classes not in y_true")
/mnt/Neuma_Model/24PHD1314/INS-HDGS-CMT/.venv/lib/python3.13/site-packages/sklearn/metrics/_classification.py:2924: UserWarning: y_pred contains classes not in y_true
  warnings.warn("y_pred contains classes not in y_true")
/mnt/Neuma_Model/24PHD1314/INS-HDGS-CMT/.venv/lib/python3.13/site-packages/sklearn/metrics/_classification.py:2924: UserWarning: y_pred contains classes not in y_true
  warnings.warn("y_pred contains classes not in y_true")
/mnt/Neuma_Model/24PHD1314/INS-HDGS-CMT/.venv/lib/python3.13/site-packages/sklearn/metrics/_classification.py:2924: UserWarning: y_pred contains classes not in y_true
  warnings.warn("y_pred contains classes not in y_true")
/mnt/Neuma_Model/24PHD1314/INS-HDGS-CMT/.venv/lib/python3.13/site-packages/sklearn/metrics/_classification.py:2924: UserWarning: y_pred contains classes not in y_true
  warnings.warn("y_pred contains classes not in y_true")
/mnt/Neuma_Model/24PHD1314/INS-HDGS-CMT/.venv/lib/python3.13/site-packages/sklearn/metrics/_classification.py:620: UserWarning: A single label was found in 'y_true' and 'y_pred'. For the confusion matrix to have the correct shape, use the 'labels' parameter to pass all known labels.
  warnings.warn(
/mnt/Neuma_Model/24PHD1314/INS-HDGS-CMT/.venv/lib/python3.13/site-packages/sklearn/metrics/_classification.py:2924: UserWarning: y_pred contains classes not in y_true
  warnings.warn("y_pred contains classes not in y_true")
/mnt/Neuma_Model/24PHD1314/INS-HDGS-CMT/.venv/lib/python3.13/site-packages/sklearn/metrics/_classification.py:2924: UserWarning: y_pred contains classes not in y_true
  warnings.warn("y_pred contains classes not in y_true")
/mnt/Neuma_Model/24PHD1314/INS-HDGS-CMT/.venv/lib/python3.13/site-packages/sklearn/metrics/_classification.py:2924: UserWarning: y_pred contains classes not in y_true
  warnings.warn("y_pred contains classes not in y_true")
/mnt/Neuma_Model/24PHD1314/INS-HDGS-CMT/.venv/lib/python3.13/site-packages/sklearn/metrics/_classification.py:2924: UserWarning: y_pred contains classes not in y_true
  warnings.warn("y_pred contains classes not in y_true")
/mnt/Neuma_Model/24PHD1314/INS-HDGS-CMT/.venv/lib/python3.13/site-packages/sklearn/metrics/_classification.py:2924: UserWarning: y_pred contains classes not in y_true
  warnings.warn("y_pred contains classes not in y_true")
/mnt/Neuma_Model/24PHD1314/INS-HDGS-CMT/.venv/lib/python3.13/site-packages/sklearn/metrics/_classification.py:2924: UserWarning: y_pred contains classes not in y_true
  warnings.warn("y_pred contains classes not in y_true")
/mnt/Neuma_Model/24PHD1314/INS-HDGS-CMT/.venv/lib/python3.13/site-packages/sklearn/metrics/_classification.py:2924: UserWarning: y_pred contains classes not in y_true
  warnings.warn("y_pred contains classes not in y_true")
/mnt/Neuma_Model/24PHD1314/INS-HDGS-CMT/.venv/lib/python3.13/site-packages/sklearn/metrics/_classification.py:2924: UserWarning: y_pred contains classes not in y_true
  warnings.warn("y_pred contains classes not in y_true")
/mnt/Neuma_Model/24PHD1314/INS-HDGS-CMT/.venv/lib/python3.13/site-packages/sklearn/metrics/_classification.py:2924: UserWarning: y_pred contains classes not in y_true
  warnings.warn("y_pred contains classes not in y_true")
/mnt/Neuma_Model/24PHD1314/INS-HDGS-CMT/.venv/lib/python3.13/site-packages/sklearn/metrics/_classification.py:2924: UserWarning: y_pred contains classes not in y_true
  warnings.warn("y_pred contains classes not in y_true")
/mnt/Neuma_Model/24PHD1314/INS-HDGS-CMT/.venv/lib/python3.13/site-packages/sklearn/metrics/_classification.py:2924: UserWarning: y_pred contains classes not in y_true
  warnings.warn("y_pred contains classes not in y_true")
/mnt/Neuma_Model/24PHD1314/INS-HDGS-CMT/.venv/lib/python3.13/site-packages/sklearn/metrics/_classification.py:2924: UserWarning: y_pred contains classes not in y_true
  warnings.warn("y_pred contains classes not in y_true")
/mnt/Neuma_Model/24PHD1314/INS-HDGS-CMT/.venv/lib/python3.13/site-packages/sklearn/metrics/_classification.py:2924: UserWarning: y_pred contains classes not in y_true
  warnings.warn("y_pred contains classes not in y_true")
/mnt/Neuma_Model/24PHD1314/INS-HDGS-CMT/.venv/lib/python3.13/site-packages/sklearn/metrics/_classification.py:2924: UserWarning: y_pred contains classes not in y_true
  warnings.warn("y_pred contains classes not in y_true")
/mnt/Neuma_Model/24PHD1314/INS-HDGS-CMT/.venv/lib/python3.13/site-packages/sklearn/metrics/_classification.py:2924: UserWarning: y_pred contains classes not in y_true
  warnings.warn("y_pred contains classes not in y_true")
/mnt/Neuma_Model/24PHD1314/INS-HDGS-CMT/.venv/lib/python3.13/site-packages/sklearn/metrics/_classification.py:2924: UserWarning: y_pred contains classes not in y_true
  warnings.warn("y_pred contains classes not in y_true")
/mnt/Neuma_Model/24PHD1314/INS-HDGS-CMT/.venv/lib/python3.13/site-packages/sklearn/metrics/_classification.py:2924: UserWarning: y_pred contains classes not in y_true
  warnings.warn("y_pred contains classes not in y_true")
/mnt/Neuma_Model/24PHD1314/INS-HDGS-CMT/.venv/lib/python3.13/site-packages/sklearn/metrics/_classification.py:2924: UserWarning: y_pred contains classes not in y_true
  warnings.warn("y_pred contains classes not in y_true")
/mnt/Neuma_Model/24PHD1314/INS-HDGS-CMT/.venv/lib/python3.13/site-packages/sklearn/metrics/_classification.py:2924: UserWarning: y_pred contains classes not in y_true
  warnings.warn("y_pred contains classes not in y_true")
/mnt/Neuma_Model/24PHD1314/INS-HDGS-CMT/.venv/lib/python3.13/site-packages/sklearn/metrics/_classification.py:2924: UserWarning: y_pred contains classes not in y_true
  warnings.warn("y_pred contains classes not in y_true")
/mnt/Neuma_Model/24PHD1314/INS-HDGS-CMT/.venv/lib/python3.13/site-packages/sklearn/metrics/_classification.py:2924: UserWarning: y_pred contains classes not in y_true
  warnings.warn("y_pred contains classes not in y_true")
/mnt/Neuma_Model/24PHD1314/INS-HDGS-CMT/.venv/lib/python3.13/site-packages/sklearn/metrics/_classification.py:2924: UserWarning: y_pred contains classes not in y_true
  warnings.warn("y_pred contains classes not in y_true")
/mnt/Neuma_Model/24PHD1314/INS-HDGS-CMT/.venv/lib/python3.13/site-packages/sklearn/metrics/_classification.py:2924: UserWarning: y_pred contains classes not in y_true
  warnings.warn("y_pred contains classes not in y_true")
/mnt/Neuma_Model/24PHD1314/INS-HDGS-CMT/.venv/lib/python3.13/site-packages/sklearn/metrics/_classification.py:2924: UserWarning: y_pred contains classes not in y_true
  warnings.warn("y_pred contains classes not in y_true")
/mnt/Neuma_Model/24PHD1314/INS-HDGS-CMT/.venv/lib/python3.13/site-packages/sklearn/metrics/_classification.py:2924: UserWarning: y_pred contains classes not in y_true
  warnings.warn("y_pred contains classes not in y_true")
/mnt/Neuma_Model/24PHD1314/INS-HDGS-CMT/.venv/lib/python3.13/site-packages/sklearn/metrics/_classification.py:2924: UserWarning: y_pred contains classes not in y_true
  warnings.warn("y_pred contains classes not in y_true")
/mnt/Neuma_Model/24PHD1314/INS-HDGS-CMT/.venv/lib/python3.13/site-packages/sklearn/metrics/_classification.py:2924: UserWarning: y_pred contains classes not in y_true
  warnings.warn("y_pred contains classes not in y_true")
/mnt/Neuma_Model/24PHD1314/INS-HDGS-CMT/.venv/lib/python3.13/site-packages/sklearn/metrics/_classification.py:2924: UserWarning: y_pred contains classes not in y_true
  warnings.warn("y_pred contains classes not in y_true")
/mnt/Neuma_Model/24PHD1314/INS-HDGS-CMT/.venv/lib/python3.13/site-packages/sklearn/metrics/_classification.py:2924: UserWarning: y_pred contains classes not in y_true
  warnings.warn("y_pred contains classes not in y_true")
/mnt/Neuma_Model/24PHD1314/INS-HDGS-CMT/.venv/lib/python3.13/site-packages/sklearn/metrics/_classification.py:2924: UserWarning: y_pred contains classes not in y_true
  warnings.warn("y_pred contains classes not in y_true")
/mnt/Neuma_Model/24PHD1314/INS-HDGS-CMT/.venv/lib/python3.13/site-packages/sklearn/metrics/_classification.py:620: UserWarning: A single label was found in 'y_true' and 'y_pred'. For the confusion matrix to have the correct shape, use the 'labels' parameter to pass all known labels.
  warnings.warn(
/mnt/Neuma_Model/24PHD1314/INS-HDGS-CMT/.venv/lib/python3.13/site-packages/sklearn/metrics/_classification.py:2924: UserWarning: y_pred contains classes not in y_true
  warnings.warn("y_pred contains classes not in y_true")
/mnt/Neuma_Model/24PHD1314/INS-HDGS-CMT/.venv/lib/python3.13/site-packages/sklearn/metrics/_classification.py:2924: UserWarning: y_pred contains classes not in y_true
  warnings.warn("y_pred contains classes not in y_true")
/mnt/Neuma_Model/24PHD1314/INS-HDGS-CMT/.venv/lib/python3.13/site-packages/sklearn/metrics/_classification.py:2924: UserWarning: y_pred contains classes not in y_true
  warnings.warn("y_pred contains classes not in y_true")
/mnt/Neuma_Model/24PHD1314/INS-HDGS-CMT/.venv/lib/python3.13/site-packages/sklearn/metrics/_classification.py:2924: UserWarning: y_pred contains classes not in y_true
  warnings.warn("y_pred contains classes not in y_true")
/mnt/Neuma_Model/24PHD1314/INS-HDGS-CMT/.venv/lib/python3.13/site-packages/sklearn/metrics/_classification.py:2924: UserWarning: y_pred contains classes not in y_true
  warnings.warn("y_pred contains classes not in y_true")
/mnt/Neuma_Model/24PHD1314/INS-HDGS-CMT/.venv/lib/python3.13/site-packages/sklearn/metrics/_classification.py:2924: UserWarning: y_pred contains classes not in y_true
  warnings.warn("y_pred contains classes not in y_true")
/mnt/Neuma_Model/24PHD1314/INS-HDGS-CMT/.venv/lib/python3.13/site-packages/sklearn/metrics/_classification.py:2924: UserWarning: y_pred contains classes not in y_true
  warnings.warn("y_pred contains classes not in y_true")
/mnt/Neuma_Model/24PHD1314/INS-HDGS-CMT/.venv/lib/python3.13/site-packages/sklearn/metrics/_classification.py:2924: UserWarning: y_pred contains classes not in y_true
  warnings.warn("y_pred contains classes not in y_true")
/mnt/Neuma_Model/24PHD1314/INS-HDGS-CMT/.venv/lib/python3.13/site-packages/sklearn/metrics/_classification.py:2924: UserWarning: y_pred contains classes not in y_true
  warnings.warn("y_pred contains classes not in y_true")
/mnt/Neuma_Model/24PHD1314/INS-HDGS-CMT/.venv/lib/python3.13/site-packages/sklearn/metrics/_classification.py:2924: UserWarning: y_pred contains classes not in y_true
  warnings.warn("y_pred contains classes not in y_true")
/mnt/Neuma_Model/24PHD1314/INS-HDGS-CMT/.venv/lib/python3.13/site-packages/sklearn/metrics/_classification.py:2924: UserWarning: y_pred contains classes not in y_true
  warnings.warn("y_pred contains classes not in y_true")
/mnt/Neuma_Model/24PHD1314/INS-HDGS-CMT/.venv/lib/python3.13/site-packages/sklearn/metrics/_classification.py:2924: UserWarning: y_pred contains classes not in y_true
  warnings.warn("y_pred contains classes not in y_true")
/mnt/Neuma_Model/24PHD1314/INS-HDGS-CMT/.venv/lib/python3.13/site-packages/sklearn/metrics/_classification.py:2924: UserWarning: y_pred contains classes not in y_true
  warnings.warn("y_pred contains classes not in y_true")
/mnt/Neuma_Model/24PHD1314/INS-HDGS-CMT/.venv/lib/python3.13/site-packages/sklearn/metrics/_classification.py:2924: UserWarning: y_pred contains classes not in y_true
  warnings.warn("y_pred contains classes not in y_true")
/mnt/Neuma_Model/24PHD1314/INS-HDGS-CMT/.venv/lib/python3.13/site-packages/sklearn/metrics/_classification.py:2924: UserWarning: y_pred contains classes not in y_true
  warnings.warn("y_pred contains classes not in y_true")
/mnt/Neuma_Model/24PHD1314/INS-HDGS-CMT/.venv/lib/python3.13/site-packages/sklearn/metrics/_classification.py:2924: UserWarning: y_pred contains classes not in y_true
  warnings.warn("y_pred contains classes not in y_true")
/mnt/Neuma_Model/24PHD1314/INS-HDGS-CMT/.venv/lib/python3.13/site-packages/sklearn/metrics/_classification.py:2924: UserWarning: y_pred contains classes not in y_true
  warnings.warn("y_pred contains classes not in y_true")
/mnt/Neuma_Model/24PHD1314/INS-HDGS-CMT/.venv/lib/python3.13/site-packages/sklearn/metrics/_classification.py:2924: UserWarning: y_pred contains classes not in y_true
  warnings.warn("y_pred contains classes not in y_true")
/mnt/Neuma_Model/24PHD1314/INS-HDGS-CMT/.venv/lib/python3.13/site-packages/sklearn/metrics/_classification.py:2924: UserWarning: y_pred contains classes not in y_true
  warnings.warn("y_pred contains classes not in y_true")
/mnt/Neuma_Model/24PHD1314/INS-HDGS-CMT/.venv/lib/python3.13/site-packages/sklearn/metrics/_classification.py:2924: UserWarning: y_pred contains classes not in y_true
  warnings.warn("y_pred contains classes not in y_true")
/mnt/Neuma_Model/24PHD1314/INS-HDGS-CMT/.venv/lib/python3.13/site-packages/sklearn/metrics/_classification.py:2924: UserWarning: y_pred contains classes not in y_true
  warnings.warn("y_pred contains classes not in y_true")
/mnt/Neuma_Model/24PHD1314/INS-HDGS-CMT/.venv/lib/python3.13/site-packages/sklearn/metrics/_classification.py:2924: UserWarning: y_pred contains classes not in y_true
  warnings.warn("y_pred contains classes not in y_true")
/mnt/Neuma_Model/24PHD1314/INS-HDGS-CMT/.venv/lib/python3.13/site-packages/sklearn/metrics/_classification.py:2924: UserWarning: y_pred contains classes not in y_true
  warnings.warn("y_pred contains classes not in y_true")
/mnt/Neuma_Model/24PHD1314/INS-HDGS-CMT/.venv/lib/python3.13/site-packages/sklearn/metrics/_classification.py:2924: UserWarning: y_pred contains classes not in y_true
  warnings.warn("y_pred contains classes not in y_true")
/mnt/Neuma_Model/24PHD1314/INS-HDGS-CMT/.venv/lib/python3.13/site-packages/sklearn/metrics/_classification.py:2924: UserWarning: y_pred contains classes not in y_true
  warnings.warn("y_pred contains classes not in y_true")
/mnt/Neuma_Model/24PHD1314/INS-HDGS-CMT/.venv/lib/python3.13/site-packages/sklearn/metrics/_classification.py:2924: UserWarning: y_pred contains classes not in y_true
  warnings.warn("y_pred contains classes not in y_true")
/mnt/Neuma_Model/24PHD1314/INS-HDGS-CMT/.venv/lib/python3.13/site-packages/sklearn/metrics/_classification.py:2924: UserWarning: y_pred contains classes not in y_true
  warnings.warn("y_pred contains classes not in y_true")
/mnt/Neuma_Model/24PHD1314/INS-HDGS-CMT/.venv/lib/python3.13/site-packages/sklearn/metrics/_classification.py:2924: UserWarning: y_pred contains classes not in y_true
  warnings.warn("y_pred contains classes not in y_true")
/mnt/Neuma_Model/24PHD1314/INS-HDGS-CMT/.venv/lib/python3.13/site-packages/sklearn/metrics/_classification.py:2924: UserWarning: y_pred contains classes not in y_true
  warnings.warn("y_pred contains classes not in y_true")
/mnt/Neuma_Model/24PHD1314/INS-HDGS-CMT/.venv/lib/python3.13/site-packages/sklearn/metrics/_classification.py:2924: UserWarning: y_pred contains classes not in y_true
  warnings.warn("y_pred contains classes not in y_true")
/mnt/Neuma_Model/24PHD1314/INS-HDGS-CMT/.venv/lib/python3.13/site-packages/sklearn/metrics/_classification.py:2924: UserWarning: y_pred contains classes not in y_true
  warnings.warn("y_pred contains classes not in y_true")
/mnt/Neuma_Model/24PHD1314/INS-HDGS-CMT/.venv/lib/python3.13/site-packages/sklearn/metrics/_classification.py:2924: UserWarning: y_pred contains classes not in y_true
  warnings.warn("y_pred contains classes not in y_true")
/mnt/Neuma_Model/24PHD1314/INS-HDGS-CMT/.venv/lib/python3.13/site-packages/sklearn/metrics/_classification.py:2924: UserWarning: y_pred contains classes not in y_true
  warnings.warn("y_pred contains classes not in y_true")
/mnt/Neuma_Model/24PHD1314/INS-HDGS-CMT/.venv/lib/python3.13/site-packages/sklearn/metrics/_classification.py:2924: UserWarning: y_pred contains classes not in y_true
  warnings.warn("y_pred contains classes not in y_true")
/mnt/Neuma_Model/24PHD1314/INS-HDGS-CMT/.venv/lib/python3.13/site-packages/sklearn/metrics/_classification.py:2924: UserWarning: y_pred contains classes not in y_true
  warnings.warn("y_pred contains classes not in y_true")
/mnt/Neuma_Model/24PHD1314/INS-HDGS-CMT/.venv/lib/python3.13/site-packages/sklearn/metrics/_classification.py:2924: UserWarning: y_pred contains classes not in y_true
  warnings.warn("y_pred contains classes not in y_true")
/mnt/Neuma_Model/24PHD1314/INS-HDGS-CMT/.venv/lib/python3.13/site-packages/sklearn/metrics/_classification.py:2924: UserWarning: y_pred contains classes not in y_true
  warnings.warn("y_pred contains classes not in y_true")
/mnt/Neuma_Model/24PHD1314/INS-HDGS-CMT/.venv/lib/python3.13/site-packages/sklearn/metrics/_classification.py:2924: UserWarning: y_pred contains classes not in y_true
  warnings.warn("y_pred contains classes not in y_true")
/mnt/Neuma_Model/24PHD1314/INS-HDGS-CMT/.venv/lib/python3.13/site-packages/sklearn/metrics/_classification.py:2924: UserWarning: y_pred contains classes not in y_true
  warnings.warn("y_pred contains classes not in y_true")
/mnt/Neuma_Model/24PHD1314/INS-HDGS-CMT/.venv/lib/python3.13/site-packages/sklearn/metrics/_classification.py:2924: UserWarning: y_pred contains classes not in y_true
  warnings.warn("y_pred contains classes not in y_true")
/mnt/Neuma_Model/24PHD1314/INS-HDGS-CMT/.venv/lib/python3.13/site-packages/sklearn/metrics/_classification.py:2924: UserWarning: y_pred contains classes not in y_true
  warnings.warn("y_pred contains classes not in y_true")
/mnt/Neuma_Model/24PHD1314/INS-HDGS-CMT/.venv/lib/python3.13/site-packages/sklearn/metrics/_classification.py:2924: UserWarning: y_pred contains classes not in y_true
  warnings.warn("y_pred contains classes not in y_true")
/mnt/Neuma_Model/24PHD1314/INS-HDGS-CMT/.venv/lib/python3.13/site-packages/sklearn/metrics/_classification.py:2924: UserWarning: y_pred contains classes not in y_true
  warnings.warn("y_pred contains classes not in y_true")
/mnt/Neuma_Model/24PHD1314/INS-HDGS-CMT/.venv/lib/python3.13/site-packages/sklearn/metrics/_classification.py:2924: UserWarning: y_pred contains classes not in y_true
  warnings.warn("y_pred contains classes not in y_true")
/mnt/Neuma_Model/24PHD1314/INS-HDGS-CMT/.venv/lib/python3.13/site-packages/sklearn/metrics/_classification.py:2924: UserWarning: y_pred contains classes not in y_true
  warnings.warn("y_pred contains classes not in y_true")
/mnt/Neuma_Model/24PHD1314/INS-HDGS-CMT/.venv/lib/python3.13/site-packages/sklearn/metrics/_classification.py:2924: UserWarning: y_pred contains classes not in y_true
  warnings.warn("y_pred contains classes not in y_true")
/mnt/Neuma_Model/24PHD1314/INS-HDGS-CMT/.venv/lib/python3.13/site-packages/sklearn/metrics/_classification.py:2924: UserWarning: y_pred contains classes not in y_true
  warnings.warn("y_pred contains classes not in y_true")
/mnt/Neuma_Model/24PHD1314/INS-HDGS-CMT/.venv/lib/python3.13/site-packages/sklearn/metrics/_classification.py:2924: UserWarning: y_pred contains classes not in y_true
  warnings.warn("y_pred contains classes not in y_true")
/mnt/Neuma_Model/24PHD1314/INS-HDGS-CMT/.venv/lib/python3.13/site-packages/sklearn/metrics/_classification.py:2924: UserWarning: y_pred contains classes not in y_true
  warnings.warn("y_pred contains classes not in y_true")
/mnt/Neuma_Model/24PHD1314/INS-HDGS-CMT/.venv/lib/python3.13/site-packages/sklearn/metrics/_classification.py:2924: UserWarning: y_pred contains classes not in y_true
  warnings.warn("y_pred contains classes not in y_true")
/mnt/Neuma_Model/24PHD1314/INS-HDGS-CMT/.venv/lib/python3.13/site-packages/sklearn/metrics/_classification.py:2924: UserWarning: y_pred contains classes not in y_true
  warnings.warn("y_pred contains classes not in y_true")
/mnt/Neuma_Model/24PHD1314/INS-HDGS-CMT/.venv/lib/python3.13/site-packages/sklearn/metrics/_classification.py:2924: UserWarning: y_pred contains classes not in y_true
  warnings.warn("y_pred contains classes not in y_true")
/mnt/Neuma_Model/24PHD1314/INS-HDGS-CMT/.venv/lib/python3.13/site-packages/sklearn/metrics/_classification.py:2924: UserWarning: y_pred contains classes not in y_true
  warnings.warn("y_pred contains classes not in y_true")
/mnt/Neuma_Model/24PHD1314/INS-HDGS-CMT/.venv/lib/python3.13/site-packages/sklearn/metrics/_classification.py:620: UserWarning: A single label was found in 'y_true' and 'y_pred'. For the confusion matrix to have the correct shape, use the 'labels' parameter to pass all known labels.
  warnings.warn(
/mnt/Neuma_Model/24PHD1314/INS-HDGS-CMT/.venv/lib/python3.13/site-packages/sklearn/metrics/_classification.py:2924: UserWarning: y_pred contains classes not in y_true
  warnings.warn("y_pred contains classes not in y_true")
/mnt/Neuma_Model/24PHD1314/INS-HDGS-CMT/.venv/lib/python3.13/site-packages/sklearn/metrics/_classification.py:2924: UserWarning: y_pred contains classes not in y_true
  warnings.warn("y_pred contains classes not in y_true")
/mnt/Neuma_Model/24PHD1314/INS-HDGS-CMT/.venv/lib/python3.13/site-packages/sklearn/metrics/_classification.py:2924: UserWarning: y_pred contains classes not in y_true
  warnings.warn("y_pred contains classes not in y_true")
/mnt/Neuma_Model/24PHD1314/INS-HDGS-CMT/.venv/lib/python3.13/site-packages/sklearn/metrics/_classification.py:2924: UserWarning: y_pred contains classes not in y_true
  warnings.warn("y_pred contains classes not in y_true")
/mnt/Neuma_Model/24PHD1314/INS-HDGS-CMT/.venv/lib/python3.13/site-packages/sklearn/metrics/_classification.py:2924: UserWarning: y_pred contains classes not in y_true
  warnings.warn("y_pred contains classes not in y_true")
/mnt/Neuma_Model/24PHD1314/INS-HDGS-CMT/.venv/lib/python3.13/site-packages/sklearn/metrics/_classification.py:2924: UserWarning: y_pred contains classes not in y_true
  warnings.warn("y_pred contains classes not in y_true")
/mnt/Neuma_Model/24PHD1314/INS-HDGS-CMT/.venv/lib/python3.13/site-packages/sklearn/metrics/_classification.py:2924: UserWarning: y_pred contains classes not in y_true
  warnings.warn("y_pred contains classes not in y_true")
/mnt/Neuma_Model/24PHD1314/INS-HDGS-CMT/.venv/lib/python3.13/site-packages/sklearn/metrics/_classification.py:2924: UserWarning: y_pred contains classes not in y_true
  warnings.warn("y_pred contains classes not in y_true")
/mnt/Neuma_Model/24PHD1314/INS-HDGS-CMT/.venv/lib/python3.13/site-packages/sklearn/metrics/_classification.py:2924: UserWarning: y_pred contains classes not in y_true
  warnings.warn("y_pred contains classes not in y_true")
/mnt/Neuma_Model/24PHD1314/INS-HDGS-CMT/.venv/lib/python3.13/site-packages/sklearn/metrics/_classification.py:2924: UserWarning: y_pred contains classes not in y_true
  warnings.warn("y_pred contains classes not in y_true")
/mnt/Neuma_Model/24PHD1314/INS-HDGS-CMT/.venv/lib/python3.13/site-packages/sklearn/metrics/_classification.py:2924: UserWarning: y_pred contains classes not in y_true
  warnings.warn("y_pred contains classes not in y_true")
/mnt/Neuma_Model/24PHD1314/INS-HDGS-CMT/.venv/lib/python3.13/site-packages/sklearn/metrics/_classification.py:2924: UserWarning: y_pred contains classes not in y_true
  warnings.warn("y_pred contains classes not in y_true")
/mnt/Neuma_Model/24PHD1314/INS-HDGS-CMT/.venv/lib/python3.13/site-packages/sklearn/metrics/_classification.py:2924: UserWarning: y_pred contains classes not in y_true
  warnings.warn("y_pred contains classes not in y_true")
/mnt/Neuma_Model/24PHD1314/INS-HDGS-CMT/.venv/lib/python3.13/site-packages/sklearn/metrics/_classification.py:2924: UserWarning: y_pred contains classes not in y_true
  warnings.warn("y_pred contains classes not in y_true")
/mnt/Neuma_Model/24PHD1314/INS-HDGS-CMT/.venv/lib/python3.13/site-packages/sklearn/metrics/_classification.py:2924: UserWarning: y_pred contains classes not in y_true
  warnings.warn("y_pred contains classes not in y_true")
/mnt/Neuma_Model/24PHD1314/INS-HDGS-CMT/.venv/lib/python3.13/site-packages/sklearn/metrics/_classification.py:2924: UserWarning: y_pred contains classes not in y_true
  warnings.warn("y_pred contains classes not in y_true")
/mnt/Neuma_Model/24PHD1314/INS-HDGS-CMT/.venv/lib/python3.13/site-packages/sklearn/metrics/_classification.py:2924: UserWarning: y_pred contains classes not in y_true
  warnings.warn("y_pred contains classes not in y_true")
/mnt/Neuma_Model/24PHD1314/INS-HDGS-CMT/.venv/lib/python3.13/site-packages/sklearn/metrics/_classification.py:2924: UserWarning: y_pred contains classes not in y_true
  warnings.warn("y_pred contains classes not in y_true")
/mnt/Neuma_Model/24PHD1314/INS-HDGS-CMT/.venv/lib/python3.13/site-packages/sklearn/metrics/_classification.py:2924: UserWarning: y_pred contains classes not in y_true
  warnings.warn("y_pred contains classes not in y_true")
/mnt/Neuma_Model/24PHD1314/INS-HDGS-CMT/.venv/lib/python3.13/site-packages/sklearn/metrics/_classification.py:2924: UserWarning: y_pred contains classes not in y_true
  warnings.warn("y_pred contains classes not in y_true")
/mnt/Neuma_Model/24PHD1314/INS-HDGS-CMT/.venv/lib/python3.13/site-packages/sklearn/metrics/_classification.py:2924: UserWarning: y_pred contains classes not in y_true
  warnings.warn("y_pred contains classes not in y_true")
/mnt/Neuma_Model/24PHD1314/INS-HDGS-CMT/.venv/lib/python3.13/site-packages/sklearn/metrics/_classification.py:2924: UserWarning: y_pred contains classes not in y_true
  warnings.warn("y_pred contains classes not in y_true")
/mnt/Neuma_Model/24PHD1314/INS-HDGS-CMT/.venv/lib/python3.13/site-packages/sklearn/metrics/_classification.py:2924: UserWarning: y_pred contains classes not in y_true
  warnings.warn("y_pred contains classes not in y_true")
/mnt/Neuma_Model/24PHD1314/INS-HDGS-CMT/.venv/lib/python3.13/site-packages/sklearn/metrics/_classification.py:2924: UserWarning: y_pred contains classes not in y_true
  warnings.warn("y_pred contains classes not in y_true")
/mnt/Neuma_Model/24PHD1314/INS-HDGS-CMT/.venv/lib/python3.13/site-packages/sklearn/metrics/_classification.py:2924: UserWarning: y_pred contains classes not in y_true
  warnings.warn("y_pred contains classes not in y_true")
/mnt/Neuma_Model/24PHD1314/INS-HDGS-CMT/.venv/lib/python3.13/site-packages/sklearn/metrics/_classification.py:2924: UserWarning: y_pred contains classes not in y_true
  warnings.warn("y_pred contains classes not in y_true")
/mnt/Neuma_Model/24PHD1314/INS-HDGS-CMT/.venv/lib/python3.13/site-packages/sklearn/metrics/_classification.py:2924: UserWarning: y_pred contains classes not in y_true
  warnings.warn("y_pred contains classes not in y_true")
/mnt/Neuma_Model/24PHD1314/INS-HDGS-CMT/.venv/lib/python3.13/site-packages/sklearn/metrics/_classification.py:2924: UserWarning: y_pred contains classes not in y_true
  warnings.warn("y_pred contains classes not in y_true")
/mnt/Neuma_Model/24PHD1314/INS-HDGS-CMT/.venv/lib/python3.13/site-packages/sklearn/metrics/_classification.py:2924: UserWarning: y_pred contains classes not in y_true
  warnings.warn("y_pred contains classes not in y_true")
/mnt/Neuma_Model/24PHD1314/INS-HDGS-CMT/.venv/lib/python3.13/site-packages/sklearn/metrics/_classification.py:2924: UserWarning: y_pred contains classes not in y_true
  warnings.warn("y_pred contains classes not in y_true")
/mnt/Neuma_Model/24PHD1314/INS-HDGS-CMT/.venv/lib/python3.13/site-packages/sklearn/metrics/_classification.py:620: UserWarning: A single label was found in 'y_true' and 'y_pred'. For the confusion matrix to have the correct shape, use the 'labels' parameter to pass all known labels.
  warnings.warn(
/mnt/Neuma_Model/24PHD1314/INS-HDGS-CMT/.venv/lib/python3.13/site-packages/sklearn/metrics/_classification.py:2924: UserWarning: y_pred contains classes not in y_true
  warnings.warn("y_pred contains classes not in y_true")
/mnt/Neuma_Model/24PHD1314/INS-HDGS-CMT/.venv/lib/python3.13/site-packages/sklearn/metrics/_classification.py:2924: UserWarning: y_pred contains classes not in y_true
  warnings.warn("y_pred contains classes not in y_true")
/mnt/Neuma_Model/24PHD1314/INS-HDGS-CMT/.venv/lib/python3.13/site-packages/sklearn/metrics/_classification.py:2924: UserWarning: y_pred contains classes not in y_true
  warnings.warn("y_pred contains classes not in y_true")
/mnt/Neuma_Model/24PHD1314/INS-HDGS-CMT/.venv/lib/python3.13/site-packages/sklearn/metrics/_classification.py:2924: UserWarning: y_pred contains classes not in y_true
  warnings.warn("y_pred contains classes not in y_true")
/mnt/Neuma_Model/24PHD1314/INS-HDGS-CMT/.venv/lib/python3.13/site-packages/sklearn/metrics/_classification.py:2924: UserWarning: y_pred contains classes not in y_true
  warnings.warn("y_pred contains classes not in y_true")
/mnt/Neuma_Model/24PHD1314/INS-HDGS-CMT/.venv/lib/python3.13/site-packages/sklearn/metrics/_classification.py:2924: UserWarning: y_pred contains classes not in y_true
  warnings.warn("y_pred contains classes not in y_true")
/mnt/Neuma_Model/24PHD1314/INS-HDGS-CMT/.venv/lib/python3.13/site-packages/sklearn/metrics/_classification.py:2924: UserWarning: y_pred contains classes not in y_true
  warnings.warn("y_pred contains classes not in y_true")
/mnt/Neuma_Model/24PHD1314/INS-HDGS-CMT/.venv/lib/python3.13/site-packages/sklearn/metrics/_classification.py:2924: UserWarning: y_pred contains classes not in y_true
  warnings.warn("y_pred contains classes not in y_true")
/mnt/Neuma_Model/24PHD1314/INS-HDGS-CMT/.venv/lib/python3.13/site-packages/sklearn/metrics/_classification.py:2924: UserWarning: y_pred contains classes not in y_true
  warnings.warn("y_pred contains classes not in y_true")
/mnt/Neuma_Model/24PHD1314/INS-HDGS-CMT/.venv/lib/python3.13/site-packages/sklearn/metrics/_classification.py:2924: UserWarning: y_pred contains classes not in y_true
  warnings.warn("y_pred contains classes not in y_true")
/mnt/Neuma_Model/24PHD1314/INS-HDGS-CMT/.venv/lib/python3.13/site-packages/sklearn/metrics/_classification.py:2924: UserWarning: y_pred contains classes not in y_true
  warnings.warn("y_pred contains classes not in y_true")
/mnt/Neuma_Model/24PHD1314/INS-HDGS-CMT/.venv/lib/python3.13/site-packages/sklearn/metrics/_classification.py:2924: UserWarning: y_pred contains classes not in y_true
  warnings.warn("y_pred contains classes not in y_true")
/mnt/Neuma_Model/24PHD1314/INS-HDGS-CMT/.venv/lib/python3.13/site-packages/sklearn/metrics/_classification.py:2924: UserWarning: y_pred contains classes not in y_true
  warnings.warn("y_pred contains classes not in y_true")
/mnt/Neuma_Model/24PHD1314/INS-HDGS-CMT/.venv/lib/python3.13/site-packages/sklearn/metrics/_classification.py:2924: UserWarning: y_pred contains classes not in y_true
  warnings.warn("y_pred contains classes not in y_true")
/mnt/Neuma_Model/24PHD1314/INS-HDGS-CMT/.venv/lib/python3.13/site-packages/sklearn/metrics/_classification.py:2924: UserWarning: y_pred contains classes not in y_true
  warnings.warn("y_pred contains classes not in y_true")
/mnt/Neuma_Model/24PHD1314/INS-HDGS-CMT/.venv/lib/python3.13/site-packages/sklearn/metrics/_classification.py:2924: UserWarning: y_pred contains classes not in y_true
  warnings.warn("y_pred contains classes not in y_true")
/mnt/Neuma_Model/24PHD1314/INS-HDGS-CMT/.venv/lib/python3.13/site-packages/sklearn/metrics/_classification.py:2924: UserWarning: y_pred contains classes not in y_true
  warnings.warn("y_pred contains classes not in y_true")
/mnt/Neuma_Model/24PHD1314/INS-HDGS-CMT/.venv/lib/python3.13/site-packages/sklearn/metrics/_classification.py:2924: UserWarning: y_pred contains classes not in y_true
  warnings.warn("y_pred contains classes not in y_true")
/mnt/Neuma_Model/24PHD1314/INS-HDGS-CMT/.venv/lib/python3.13/site-packages/sklearn/metrics/_classification.py:2924: UserWarning: y_pred contains classes not in y_true
  warnings.warn("y_pred contains classes not in y_true")
/mnt/Neuma_Model/24PHD1314/INS-HDGS-CMT/.venv/lib/python3.13/site-packages/sklearn/metrics/_classification.py:2924: UserWarning: y_pred contains classes not in y_true
  warnings.warn("y_pred contains classes not in y_true")
/mnt/Neuma_Model/24PHD1314/INS-HDGS-CMT/.venv/lib/python3.13/site-packages/sklearn/metrics/_classification.py:2924: UserWarning: y_pred contains classes not in y_true
  warnings.warn("y_pred contains classes not in y_true")
/mnt/Neuma_Model/24PHD1314/INS-HDGS-CMT/.venv/lib/python3.13/site-packages/sklearn/metrics/_classification.py:2924: UserWarning: y_pred contains classes not in y_true
  warnings.warn("y_pred contains classes not in y_true")
/mnt/Neuma_Model/24PHD1314/INS-HDGS-CMT/.venv/lib/python3.13/site-packages/sklearn/metrics/_classification.py:2924: UserWarning: y_pred contains classes not in y_true
  warnings.warn("y_pred contains classes not in y_true")
/mnt/Neuma_Model/24PHD1314/INS-HDGS-CMT/.venv/lib/python3.13/site-packages/sklearn/metrics/_classification.py:2924: UserWarning: y_pred contains classes not in y_true
  warnings.warn("y_pred contains classes not in y_true")
/mnt/Neuma_Model/24PHD1314/INS-HDGS-CMT/.venv/lib/python3.13/site-packages/sklearn/metrics/_classification.py:2924: UserWarning: y_pred contains classes not in y_true
  warnings.warn("y_pred contains classes not in y_true")
/mnt/Neuma_Model/24PHD1314/INS-HDGS-CMT/.venv/lib/python3.13/site-packages/sklearn/metrics/_classification.py:2924: UserWarning: y_pred contains classes not in y_true
  warnings.warn("y_pred contains classes not in y_true")
/mnt/Neuma_Model/24PHD1314/INS-HDGS-CMT/.venv/lib/python3.13/site-packages/sklearn/metrics/_classification.py:2924: UserWarning: y_pred contains classes not in y_true
  warnings.warn("y_pred contains classes not in y_true")
/mnt/Neuma_Model/24PHD1314/INS-HDGS-CMT/.venv/lib/python3.13/site-packages/sklearn/metrics/_classification.py:2924: UserWarning: y_pred contains classes not in y_true
  warnings.warn("y_pred contains classes not in y_true")
/mnt/Neuma_Model/24PHD1314/INS-HDGS-CMT/.venv/lib/python3.13/site-packages/sklearn/metrics/_classification.py:2924: UserWarning: y_pred contains classes not in y_true
  warnings.warn("y_pred contains classes not in y_true")
/mnt/Neuma_Model/24PHD1314/INS-HDGS-CMT/.venv/lib/python3.13/site-packages/sklearn/metrics/_classification.py:620: UserWarning: A single label was found in 'y_true' and 'y_pred'. For the confusion matrix to have the correct shape, use the 'labels' parameter to pass all known labels.
  warnings.warn(
/mnt/Neuma_Model/24PHD1314/INS-HDGS-CMT/.venv/lib/python3.13/site-packages/sklearn/metrics/_classification.py:2924: UserWarning: y_pred contains classes not in y_true
  warnings.warn("y_pred contains classes not in y_true")
/mnt/Neuma_Model/24PHD1314/INS-HDGS-CMT/.venv/lib/python3.13/site-packages/sklearn/metrics/_classification.py:2924: UserWarning: y_pred contains classes not in y_true
  warnings.warn("y_pred contains classes not in y_true")
/mnt/Neuma_Model/24PHD1314/INS-HDGS-CMT/.venv/lib/python3.13/site-packages/sklearn/metrics/_classification.py:2924: UserWarning: y_pred contains classes not in y_true
  warnings.warn("y_pred contains classes not in y_true")
/mnt/Neuma_Model/24PHD1314/INS-HDGS-CMT/.venv/lib/python3.13/site-packages/sklearn/metrics/_classification.py:2924: UserWarning: y_pred contains classes not in y_true
  warnings.warn("y_pred contains classes not in y_true")
/mnt/Neuma_Model/24PHD1314/INS-HDGS-CMT/.venv/lib/python3.13/site-packages/sklearn/metrics/_classification.py:2924: UserWarning: y_pred contains classes not in y_true
  warnings.warn("y_pred contains classes not in y_true")
/mnt/Neuma_Model/24PHD1314/INS-HDGS-CMT/.venv/lib/python3.13/site-packages/sklearn/metrics/_classification.py:2924: UserWarning: y_pred contains classes not in y_true
  warnings.warn("y_pred contains classes not in y_true")
/mnt/Neuma_Model/24PHD1314/INS-HDGS-CMT/.venv/lib/python3.13/site-packages/sklearn/metrics/_classification.py:2924: UserWarning: y_pred contains classes not in y_true
  warnings.warn("y_pred contains classes not in y_true")
/mnt/Neuma_Model/24PHD1314/INS-HDGS-CMT/.venv/lib/python3.13/site-packages/sklearn/metrics/_classification.py:2924: UserWarning: y_pred contains classes not in y_true
  warnings.warn("y_pred contains classes not in y_true")
/mnt/Neuma_Model/24PHD1314/INS-HDGS-CMT/.venv/lib/python3.13/site-packages/sklearn/metrics/_classification.py:2924: UserWarning: y_pred contains classes not in y_true
  warnings.warn("y_pred contains classes not in y_true")
/mnt/Neuma_Model/24PHD1314/INS-HDGS-CMT/.venv/lib/python3.13/site-packages/sklearn/metrics/_classification.py:2924: UserWarning: y_pred contains classes not in y_true
  warnings.warn("y_pred contains classes not in y_true")
/mnt/Neuma_Model/24PHD1314/INS-HDGS-CMT/.venv/lib/python3.13/site-packages/sklearn/metrics/_classification.py:2924: UserWarning: y_pred contains classes not in y_true
  warnings.warn("y_pred contains classes not in y_true")
/mnt/Neuma_Model/24PHD1314/INS-HDGS-CMT/.venv/lib/python3.13/site-packages/sklearn/metrics/_classification.py:2924: UserWarning: y_pred contains classes not in y_true
  warnings.warn("y_pred contains classes not in y_true")
/mnt/Neuma_Model/24PHD1314/INS-HDGS-CMT/.venv/lib/python3.13/site-packages/sklearn/metrics/_classification.py:2924: UserWarning: y_pred contains classes not in y_true
  warnings.warn("y_pred contains classes not in y_true")
/mnt/Neuma_Model/24PHD1314/INS-HDGS-CMT/.venv/lib/python3.13/site-packages/sklearn/metrics/_classification.py:2924: UserWarning: y_pred contains classes not in y_true
  warnings.warn("y_pred contains classes not in y_true")
/mnt/Neuma_Model/24PHD1314/INS-HDGS-CMT/.venv/lib/python3.13/site-packages/sklearn/metrics/_classification.py:2924: UserWarning: y_pred contains classes not in y_true
  warnings.warn("y_pred contains classes not in y_true")
/mnt/Neuma_Model/24PHD1314/INS-HDGS-CMT/.venv/lib/python3.13/site-packages/sklearn/metrics/_classification.py:2924: UserWarning: y_pred contains classes not in y_true
  warnings.warn("y_pred contains classes not in y_true")
/mnt/Neuma_Model/24PHD1314/INS-HDGS-CMT/.venv/lib/python3.13/site-packages/sklearn/metrics/_classification.py:2924: UserWarning: y_pred contains classes not in y_true
  warnings.warn("y_pred contains classes not in y_true")
/mnt/Neuma_Model/24PHD1314/INS-HDGS-CMT/.venv/lib/python3.13/site-packages/sklearn/metrics/_classification.py:2924: UserWarning: y_pred contains classes not in y_true
  warnings.warn("y_pred contains classes not in y_true")
/mnt/Neuma_Model/24PHD1314/INS-HDGS-CMT/.venv/lib/python3.13/site-packages/sklearn/metrics/_classification.py:2924: UserWarning: y_pred contains classes not in y_true
  warnings.warn("y_pred contains classes not in y_true")
/mnt/Neuma_Model/24PHD1314/INS-HDGS-CMT/.venv/lib/python3.13/site-packages/sklearn/metrics/_classification.py:2924: UserWarning: y_pred contains classes not in y_true
  warnings.warn("y_pred contains classes not in y_true")
/mnt/Neuma_Model/24PHD1314/INS-HDGS-CMT/.venv/lib/python3.13/site-packages/sklearn/metrics/_classification.py:2924: UserWarning: y_pred contains classes not in y_true
  warnings.warn("y_pred contains classes not in y_true")
/mnt/Neuma_Model/24PHD1314/INS-HDGS-CMT/.venv/lib/python3.13/site-packages/sklearn/metrics/_classification.py:2924: UserWarning: y_pred contains classes not in y_true
  warnings.warn("y_pred contains classes not in y_true")
/mnt/Neuma_Model/24PHD1314/INS-HDGS-CMT/.venv/lib/python3.13/site-packages/sklearn/metrics/_classification.py:2924: UserWarning: y_pred contains classes not in y_true
  warnings.warn("y_pred contains classes not in y_true")
/mnt/Neuma_Model/24PHD1314/INS-HDGS-CMT/.venv/lib/python3.13/site-packages/sklearn/metrics/_classification.py:2924: UserWarning: y_pred contains classes not in y_true
  warnings.warn("y_pred contains classes not in y_true")
/mnt/Neuma_Model/24PHD1314/INS-HDGS-CMT/.venv/lib/python3.13/site-packages/sklearn/metrics/_classification.py:2924: UserWarning: y_pred contains classes not in y_true
  warnings.warn("y_pred contains classes not in y_true")
/mnt/Neuma_Model/24PHD1314/INS-HDGS-CMT/.venv/lib/python3.13/site-packages/sklearn/metrics/_classification.py:2924: UserWarning: y_pred contains classes not in y_true
  warnings.warn("y_pred contains classes not in y_true")
/mnt/Neuma_Model/24PHD1314/INS-HDGS-CMT/.venv/lib/python3.13/site-packages/sklearn/metrics/_classification.py:2924: UserWarning: y_pred contains classes not in y_true
  warnings.warn("y_pred contains classes not in y_true")
/mnt/Neuma_Model/24PHD1314/INS-HDGS-CMT/.venv/lib/python3.13/site-packages/sklearn/metrics/_classification.py:2924: UserWarning: y_pred contains classes not in y_true
  warnings.warn("y_pred contains classes not in y_true")
/mnt/Neuma_Model/24PHD1314/INS-HDGS-CMT/.venv/lib/python3.13/site-packages/sklearn/metrics/_classification.py:2924: UserWarning: y_pred contains classes not in y_true
  warnings.warn("y_pred contains classes not in y_true")
/mnt/Neuma_Model/24PHD1314/INS-HDGS-CMT/.venv/lib/python3.13/site-packages/sklearn/metrics/_classification.py:2924: UserWarning: y_pred contains classes not in y_true
  warnings.warn("y_pred contains classes not in y_true")
/mnt/Neuma_Model/24PHD1314/INS-HDGS-CMT/.venv/lib/python3.13/site-packages/sklearn/metrics/_classification.py:620: UserWarning: A single label was found in 'y_true' and 'y_pred'. For the confusion matrix to have the correct shape, use the 'labels' parameter to pass all known labels.
  warnings.warn(
/mnt/Neuma_Model/24PHD1314/INS-HDGS-CMT/.venv/lib/python3.13/site-packages/sklearn/metrics/_classification.py:2924: UserWarning: y_pred contains classes not in y_true
  warnings.warn("y_pred contains classes not in y_true")
/mnt/Neuma_Model/24PHD1314/INS-HDGS-CMT/.venv/lib/python3.13/site-packages/sklearn/metrics/_classification.py:2924: UserWarning: y_pred contains classes not in y_true
  warnings.warn("y_pred contains classes not in y_true")
/mnt/Neuma_Model/24PHD1314/INS-HDGS-CMT/.venv/lib/python3.13/site-packages/sklearn/metrics/_classification.py:2924: UserWarning: y_pred contains classes not in y_true
  warnings.warn("y_pred contains classes not in y_true")
/mnt/Neuma_Model/24PHD1314/INS-HDGS-CMT/.venv/lib/python3.13/site-packages/sklearn/metrics/_classification.py:2924: UserWarning: y_pred contains classes not in y_true
  warnings.warn("y_pred contains classes not in y_true")
/mnt/Neuma_Model/24PHD1314/INS-HDGS-CMT/.venv/lib/python3.13/site-packages/sklearn/metrics/_classification.py:2924: UserWarning: y_pred contains classes not in y_true
  warnings.warn("y_pred contains classes not in y_true")
/mnt/Neuma_Model/24PHD1314/INS-HDGS-CMT/.venv/lib/python3.13/site-packages/sklearn/metrics/_classification.py:2924: UserWarning: y_pred contains classes not in y_true
  warnings.warn("y_pred contains classes not in y_true")
/mnt/Neuma_Model/24PHD1314/INS-HDGS-CMT/.venv/lib/python3.13/site-packages/sklearn/metrics/_classification.py:2924: UserWarning: y_pred contains classes not in y_true
  warnings.warn("y_pred contains classes not in y_true")
/mnt/Neuma_Model/24PHD1314/INS-HDGS-CMT/.venv/lib/python3.13/site-packages/sklearn/metrics/_classification.py:2924: UserWarning: y_pred contains classes not in y_true
  warnings.warn("y_pred contains classes not in y_true")
/mnt/Neuma_Model/24PHD1314/INS-HDGS-CMT/.venv/lib/python3.13/site-packages/sklearn/metrics/_classification.py:2924: UserWarning: y_pred contains classes not in y_true
  warnings.warn("y_pred contains classes not in y_true")
/mnt/Neuma_Model/24PHD1314/INS-HDGS-CMT/.venv/lib/python3.13/site-packages/sklearn/metrics/_classification.py:2924: UserWarning: y_pred contains classes not in y_true
  warnings.warn("y_pred contains classes not in y_true")
/mnt/Neuma_Model/24PHD1314/INS-HDGS-CMT/.venv/lib/python3.13/site-packages/sklearn/metrics/_classification.py:2924: UserWarning: y_pred contains classes not in y_true
  warnings.warn("y_pred contains classes not in y_true")
/mnt/Neuma_Model/24PHD1314/INS-HDGS-CMT/.venv/lib/python3.13/site-packages/sklearn/metrics/_classification.py:2924: UserWarning: y_pred contains classes not in y_true
  warnings.warn("y_pred contains classes not in y_true")
/mnt/Neuma_Model/24PHD1314/INS-HDGS-CMT/.venv/lib/python3.13/site-packages/sklearn/metrics/_classification.py:620: UserWarning: A single label was found in 'y_true' and 'y_pred'. For the confusion matrix to have the correct shape, use the 'labels' parameter to pass all known labels.
  warnings.warn(
/mnt/Neuma_Model/24PHD1314/INS-HDGS-CMT/.venv/lib/python3.13/site-packages/sklearn/metrics/_classification.py:2924: UserWarning: y_pred contains classes not in y_true
  warnings.warn("y_pred contains classes not in y_true")
/mnt/Neuma_Model/24PHD1314/INS-HDGS-CMT/.venv/lib/python3.13/site-packages/sklearn/metrics/_classification.py:2924: UserWarning: y_pred contains classes not in y_true
  warnings.warn("y_pred contains classes not in y_true")
/mnt/Neuma_Model/24PHD1314/INS-HDGS-CMT/.venv/lib/python3.13/site-packages/sklearn/metrics/_classification.py:2924: UserWarning: y_pred contains classes not in y_true
  warnings.warn("y_pred contains classes not in y_true")
/mnt/Neuma_Model/24PHD1314/INS-HDGS-CMT/.venv/lib/python3.13/site-packages/sklearn/metrics/_classification.py:2924: UserWarning: y_pred contains classes not in y_true
  warnings.warn("y_pred contains classes not in y_true")
/mnt/Neuma_Model/24PHD1314/INS-HDGS-CMT/.venv/lib/python3.13/site-packages/sklearn/metrics/_classification.py:2924: UserWarning: y_pred contains classes not in y_true
  warnings.warn("y_pred contains classes not in y_true")
/mnt/Neuma_Model/24PHD1314/INS-HDGS-CMT/.venv/lib/python3.13/site-packages/sklearn/metrics/_classification.py:2924: UserWarning: y_pred contains classes not in y_true
  warnings.warn("y_pred contains classes not in y_true")
/mnt/Neuma_Model/24PHD1314/INS-HDGS-CMT/.venv/lib/python3.13/site-packages/sklearn/metrics/_classification.py:2924: UserWarning: y_pred contains classes not in y_true
  warnings.warn("y_pred contains classes not in y_true")
/mnt/Neuma_Model/24PHD1314/INS-HDGS-CMT/.venv/lib/python3.13/site-packages/sklearn/metrics/_classification.py:2924: UserWarning: y_pred contains classes not in y_true
  warnings.warn("y_pred contains classes not in y_true")
/mnt/Neuma_Model/24PHD1314/INS-HDGS-CMT/.venv/lib/python3.13/site-packages/sklearn/metrics/_classification.py:2924: UserWarning: y_pred contains classes not in y_true
  warnings.warn("y_pred contains classes not in y_true")
/mnt/Neuma_Model/24PHD1314/INS-HDGS-CMT/.venv/lib/python3.13/site-packages/sklearn/metrics/_classification.py:2924: UserWarning: y_pred contains classes not in y_true
  warnings.warn("y_pred contains classes not in y_true")
/mnt/Neuma_Model/24PHD1314/INS-HDGS-CMT/.venv/lib/python3.13/site-packages/sklearn/metrics/_classification.py:2924: UserWarning: y_pred contains classes not in y_true
  warnings.warn("y_pred contains classes not in y_true")
/mnt/Neuma_Model/24PHD1314/INS-HDGS-CMT/.venv/lib/python3.13/site-packages/sklearn/metrics/_classification.py:2924: UserWarning: y_pred contains classes not in y_true
  warnings.warn("y_pred contains classes not in y_true")
/mnt/Neuma_Model/24PHD1314/INS-HDGS-CMT/.venv/lib/python3.13/site-packages/sklearn/metrics/_classification.py:2924: UserWarning: y_pred contains classes not in y_true
  warnings.warn("y_pred contains classes not in y_true")
/mnt/Neuma_Model/24PHD1314/INS-HDGS-CMT/.venv/lib/python3.13/site-packages/sklearn/metrics/_classification.py:2924: UserWarning: y_pred contains classes not in y_true
  warnings.warn("y_pred contains classes not in y_true")
/mnt/Neuma_Model/24PHD1314/INS-HDGS-CMT/.venv/lib/python3.13/site-packages/sklearn/metrics/_classification.py:2924: UserWarning: y_pred contains classes not in y_true
  warnings.warn("y_pred contains classes not in y_true")
/mnt/Neuma_Model/24PHD1314/INS-HDGS-CMT/.venv/lib/python3.13/site-packages/sklearn/metrics/_classification.py:2924: UserWarning: y_pred contains classes not in y_true
  warnings.warn("y_pred contains classes not in y_true")
/mnt/Neuma_Model/24PHD1314/INS-HDGS-CMT/.venv/lib/python3.13/site-packages/sklearn/metrics/_classification.py:620: UserWarning: A single label was found in 'y_true' and 'y_pred'. For the confusion matrix to have the correct shape, use the 'labels' parameter to pass all known labels.
  warnings.warn(
/mnt/Neuma_Model/24PHD1314/INS-HDGS-CMT/.venv/lib/python3.13/site-packages/sklearn/metrics/_classification.py:2924: UserWarning: y_pred contains classes not in y_true
  warnings.warn("y_pred contains classes not in y_true")
/mnt/Neuma_Model/24PHD1314/INS-HDGS-CMT/.venv/lib/python3.13/site-packages/sklearn/metrics/_classification.py:2924: UserWarning: y_pred contains classes not in y_true
  warnings.warn("y_pred contains classes not in y_true")
/mnt/Neuma_Model/24PHD1314/INS-HDGS-CMT/.venv/lib/python3.13/site-packages/sklearn/metrics/_classification.py:2924: UserWarning: y_pred contains classes not in y_true
  warnings.warn("y_pred contains classes not in y_true")
/mnt/Neuma_Model/24PHD1314/INS-HDGS-CMT/.venv/lib/python3.13/site-packages/sklearn/metrics/_classification.py:2924: UserWarning: y_pred contains classes not in y_true
  warnings.warn("y_pred contains classes not in y_true")
/mnt/Neuma_Model/24PHD1314/INS-HDGS-CMT/.venv/lib/python3.13/site-packages/sklearn/metrics/_classification.py:2924: UserWarning: y_pred contains classes not in y_true
  warnings.warn("y_pred contains classes not in y_true")
/mnt/Neuma_Model/24PHD1314/INS-HDGS-CMT/.venv/lib/python3.13/site-packages/sklearn/metrics/_classification.py:2924: UserWarning: y_pred contains classes not in y_true
  warnings.warn("y_pred contains classes not in y_true")
/mnt/Neuma_Model/24PHD1314/INS-HDGS-CMT/.venv/lib/python3.13/site-packages/sklearn/metrics/_classification.py:2924: UserWarning: y_pred contains classes not in y_true
  warnings.warn("y_pred contains classes not in y_true")
/mnt/Neuma_Model/24PHD1314/INS-HDGS-CMT/.venv/lib/python3.13/site-packages/sklearn/metrics/_classification.py:2924: UserWarning: y_pred contains classes not in y_true
  warnings.warn("y_pred contains classes not in y_true")
/mnt/Neuma_Model/24PHD1314/INS-HDGS-CMT/.venv/lib/python3.13/site-packages/sklearn/metrics/_classification.py:2924: UserWarning: y_pred contains classes not in y_true
  warnings.warn("y_pred contains classes not in y_true")
/mnt/Neuma_Model/24PHD1314/INS-HDGS-CMT/.venv/lib/python3.13/site-packages/sklearn/metrics/_classification.py:2924: UserWarning: y_pred contains classes not in y_true
  warnings.warn("y_pred contains classes not in y_true")
/mnt/Neuma_Model/24PHD1314/INS-HDGS-CMT/.venv/lib/python3.13/site-packages/sklearn/metrics/_classification.py:2924: UserWarning: y_pred contains classes not in y_true
  warnings.warn("y_pred contains classes not in y_true")
/mnt/Neuma_Model/24PHD1314/INS-HDGS-CMT/.venv/lib/python3.13/site-packages/sklearn/metrics/_classification.py:2924: UserWarning: y_pred contains classes not in y_true
  warnings.warn("y_pred contains classes not in y_true")
/mnt/Neuma_Model/24PHD1314/INS-HDGS-CMT/.venv/lib/python3.13/site-packages/sklearn/metrics/_classification.py:2924: UserWarning: y_pred contains classes not in y_true
  warnings.warn("y_pred contains classes not in y_true")
/mnt/Neuma_Model/24PHD1314/INS-HDGS-CMT/.venv/lib/python3.13/site-packages/sklearn/metrics/_classification.py:620: UserWarning: A single label was found in 'y_true' and 'y_pred'. For the confusion matrix to have the correct shape, use the 'labels' parameter to pass all known labels.
  warnings.warn(
/mnt/Neuma_Model/24PHD1314/INS-HDGS-CMT/.venv/lib/python3.13/site-packages/sklearn/metrics/_classification.py:2924: UserWarning: y_pred contains classes not in y_true
  warnings.warn("y_pred contains classes not in y_true")
/mnt/Neuma_Model/24PHD1314/INS-HDGS-CMT/.venv/lib/python3.13/site-packages/sklearn/metrics/_classification.py:2924: UserWarning: y_pred contains classes not in y_true
  warnings.warn("y_pred contains classes not in y_true")
/mnt/Neuma_Model/24PHD1314/INS-HDGS-CMT/.venv/lib/python3.13/site-packages/sklearn/metrics/_classification.py:2924: UserWarning: y_pred contains classes not in y_true
  warnings.warn("y_pred contains classes not in y_true")
/mnt/Neuma_Model/24PHD1314/INS-HDGS-CMT/.venv/lib/python3.13/site-packages/sklearn/metrics/_classification.py:2924: UserWarning: y_pred contains classes not in y_true
  warnings.warn("y_pred contains classes not in y_true")
/mnt/Neuma_Model/24PHD1314/INS-HDGS-CMT/.venv/lib/python3.13/site-packages/sklearn/metrics/_classification.py:2924: UserWarning: y_pred contains classes not in y_true
  warnings.warn("y_pred contains classes not in y_true")
/mnt/Neuma_Model/24PHD1314/INS-HDGS-CMT/.venv/lib/python3.13/site-packages/sklearn/metrics/_classification.py:2924: UserWarning: y_pred contains classes not in y_true
  warnings.warn("y_pred contains classes not in y_true")
/mnt/Neuma_Model/24PHD1314/INS-HDGS-CMT/.venv/lib/python3.13/site-packages/sklearn/metrics/_classification.py:2924: UserWarning: y_pred contains classes not in y_true
  warnings.warn("y_pred contains classes not in y_true")
/mnt/Neuma_Model/24PHD1314/INS-HDGS-CMT/.venv/lib/python3.13/site-packages/sklearn/metrics/_classification.py:2924: UserWarning: y_pred contains classes not in y_true
  warnings.warn("y_pred contains classes not in y_true")
/mnt/Neuma_Model/24PHD1314/INS-HDGS-CMT/.venv/lib/python3.13/site-packages/sklearn/metrics/_classification.py:2924: UserWarning: y_pred contains classes not in y_true
  warnings.warn("y_pred contains classes not in y_true")
/mnt/Neuma_Model/24PHD1314/INS-HDGS-CMT/.venv/lib/python3.13/site-packages/sklearn/metrics/_classification.py:2924: UserWarning: y_pred contains classes not in y_true
  warnings.warn("y_pred contains classes not in y_true")
/mnt/Neuma_Model/24PHD1314/INS-HDGS-CMT/.venv/lib/python3.13/site-packages/sklearn/metrics/_classification.py:2924: UserWarning: y_pred contains classes not in y_true
  warnings.warn("y_pred contains classes not in y_true")
/mnt/Neuma_Model/24PHD1314/INS-HDGS-CMT/.venv/lib/python3.13/site-packages/sklearn/metrics/_classification.py:2924: UserWarning: y_pred contains classes not in y_true
  warnings.warn("y_pred contains classes not in y_true")
/mnt/Neuma_Model/24PHD1314/INS-HDGS-CMT/.venv/lib/python3.13/site-packages/sklearn/metrics/_classification.py:2924: UserWarning: y_pred contains classes not in y_true
  warnings.warn("y_pred contains classes not in y_true")
/mnt/Neuma_Model/24PHD1314/INS-HDGS-CMT/.venv/lib/python3.13/site-packages/sklearn/metrics/_classification.py:2924: UserWarning: y_pred contains classes not in y_true
  warnings.warn("y_pred contains classes not in y_true")
/mnt/Neuma_Model/24PHD1314/INS-HDGS-CMT/.venv/lib/python3.13/site-packages/sklearn/metrics/_classification.py:2924: UserWarning: y_pred contains classes not in y_true
  warnings.warn("y_pred contains classes not in y_true")
/mnt/Neuma_Model/24PHD1314/INS-HDGS-CMT/.venv/lib/python3.13/site-packages/sklearn/metrics/_classification.py:2924: UserWarning: y_pred contains classes not in y_true
  warnings.warn("y_pred contains classes not in y_true")
/mnt/Neuma_Model/24PHD1314/INS-HDGS-CMT/.venv/lib/python3.13/site-packages/sklearn/metrics/_classification.py:2924: UserWarning: y_pred contains classes not in y_true
  warnings.warn("y_pred contains classes not in y_true")
/mnt/Neuma_Model/24PHD1314/INS-HDGS-CMT/.venv/lib/python3.13/site-packages/sklearn/metrics/_classification.py:2924: UserWarning: y_pred contains classes not in y_true
  warnings.warn("y_pred contains classes not in y_true")
/mnt/Neuma_Model/24PHD1314/INS-HDGS-CMT/.venv/lib/python3.13/site-packages/sklearn/metrics/_classification.py:2924: UserWarning: y_pred contains classes not in y_true
  warnings.warn("y_pred contains classes not in y_true")
/mnt/Neuma_Model/24PHD1314/INS-HDGS-CMT/.venv/lib/python3.13/site-packages/sklearn/metrics/_classification.py:2924: UserWarning: y_pred contains classes not in y_true
  warnings.warn("y_pred contains classes not in y_true")
/mnt/Neuma_Model/24PHD1314/INS-HDGS-CMT/.venv/lib/python3.13/site-packages/sklearn/metrics/_classification.py:2924: UserWarning: y_pred contains classes not in y_true
  warnings.warn("y_pred contains classes not in y_true")
/mnt/Neuma_Model/24PHD1314/INS-HDGS-CMT/.venv/lib/python3.13/site-packages/sklearn/metrics/_classification.py:2924: UserWarning: y_pred contains classes not in y_true
  warnings.warn("y_pred contains classes not in y_true")
/mnt/Neuma_Model/24PHD1314/INS-HDGS-CMT/.venv/lib/python3.13/site-packages/sklearn/metrics/_classification.py:2924: UserWarning: y_pred contains classes not in y_true
  warnings.warn("y_pred contains classes not in y_true")
/mnt/Neuma_Model/24PHD1314/INS-HDGS-CMT/.venv/lib/python3.13/site-packages/sklearn/metrics/_classification.py:2924: UserWarning: y_pred contains classes not in y_true
  warnings.warn("y_pred contains classes not in y_true")
/mnt/Neuma_Model/24PHD1314/INS-HDGS-CMT/.venv/lib/python3.13/site-packages/sklearn/metrics/_classification.py:2924: UserWarning: y_pred contains classes not in y_true
  warnings.warn("y_pred contains classes not in y_true")
/mnt/Neuma_Model/24PHD1314/INS-HDGS-CMT/.venv/lib/python3.13/site-packages/sklearn/metrics/_classification.py:2924: UserWarning: y_pred contains classes not in y_true
  warnings.warn("y_pred contains classes not in y_true")
/mnt/Neuma_Model/24PHD1314/INS-HDGS-CMT/.venv/lib/python3.13/site-packages/sklearn/metrics/_classification.py:2924: UserWarning: y_pred contains classes not in y_true
  warnings.warn("y_pred contains classes not in y_true")
/mnt/Neuma_Model/24PHD1314/INS-HDGS-CMT/.venv/lib/python3.13/site-packages/sklearn/metrics/_classification.py:2924: UserWarning: y_pred contains classes not in y_true
  warnings.warn("y_pred contains classes not in y_true")
/mnt/Neuma_Model/24PHD1314/INS-HDGS-CMT/.venv/lib/python3.13/site-packages/sklearn/metrics/_classification.py:2924: UserWarning: y_pred contains classes not in y_true
  warnings.warn("y_pred contains classes not in y_true")
/mnt/Neuma_Model/24PHD1314/INS-HDGS-CMT/.venv/lib/python3.13/site-packages/sklearn/metrics/_classification.py:2924: UserWarning: y_pred contains classes not in y_true
  warnings.warn("y_pred contains classes not in y_true")
/mnt/Neuma_Model/24PHD1314/INS-HDGS-CMT/.venv/lib/python3.13/site-packages/sklearn/metrics/_classification.py:2924: UserWarning: y_pred contains classes not in y_true
  warnings.warn("y_pred contains classes not in y_true")
/mnt/Neuma_Model/24PHD1314/INS-HDGS-CMT/.venv/lib/python3.13/site-packages/sklearn/metrics/_classification.py:2924: UserWarning: y_pred contains classes not in y_true
  warnings.warn("y_pred contains classes not in y_true")
/mnt/Neuma_Model/24PHD1314/INS-HDGS-CMT/.venv/lib/python3.13/site-packages/sklearn/metrics/_classification.py:2924: UserWarning: y_pred contains classes not in y_true
  warnings.warn("y_pred contains classes not in y_true")
/mnt/Neuma_Model/24PHD1314/INS-HDGS-CMT/.venv/lib/python3.13/site-packages/sklearn/metrics/_classification.py:2924: UserWarning: y_pred contains classes not in y_true
  warnings.warn("y_pred contains classes not in y_true")
/mnt/Neuma_Model/24PHD1314/INS-HDGS-CMT/.venv/lib/python3.13/site-packages/sklearn/metrics/_classification.py:2924: UserWarning: y_pred contains classes not in y_true
  warnings.warn("y_pred contains classes not in y_true")
/mnt/Neuma_Model/24PHD1314/INS-HDGS-CMT/.venv/lib/python3.13/site-packages/sklearn/metrics/_classification.py:2924: UserWarning: y_pred contains classes not in y_true
  warnings.warn("y_pred contains classes not in y_true")
/mnt/Neuma_Model/24PHD1314/INS-HDGS-CMT/.venv/lib/python3.13/site-packages/sklearn/metrics/_classification.py:2924: UserWarning: y_pred contains classes not in y_true
  warnings.warn("y_pred contains classes not in y_true")
/mnt/Neuma_Model/24PHD1314/INS-HDGS-CMT/.venv/lib/python3.13/site-packages/sklearn/metrics/_classification.py:2924: UserWarning: y_pred contains classes not in y_true
  warnings.warn("y_pred contains classes not in y_true")
/mnt/Neuma_Model/24PHD1314/INS-HDGS-CMT/.venv/lib/python3.13/site-packages/sklearn/metrics/_classification.py:2924: UserWarning: y_pred contains classes not in y_true
  warnings.warn("y_pred contains classes not in y_true")
/mnt/Neuma_Model/24PHD1314/INS-HDGS-CMT/.venv/lib/python3.13/site-packages/sklearn/metrics/_classification.py:2924: UserWarning: y_pred contains classes not in y_true
  warnings.warn("y_pred contains classes not in y_true")
/mnt/Neuma_Model/24PHD1314/INS-HDGS-CMT/.venv/lib/python3.13/site-packages/sklearn/metrics/_classification.py:2924: UserWarning: y_pred contains classes not in y_true
  warnings.warn("y_pred contains classes not in y_true")
/mnt/Neuma_Model/24PHD1314/INS-HDGS-CMT/.venv/lib/python3.13/site-packages/sklearn/metrics/_classification.py:2924: UserWarning: y_pred contains classes not in y_true
  warnings.warn("y_pred contains classes not in y_true")
/mnt/Neuma_Model/24PHD1314/INS-HDGS-CMT/.venv/lib/python3.13/site-packages/sklearn/metrics/_classification.py:2924: UserWarning: y_pred contains classes not in y_true
  warnings.warn("y_pred contains classes not in y_true")
/mnt/Neuma_Model/24PHD1314/INS-HDGS-CMT/.venv/lib/python3.13/site-packages/sklearn/metrics/_classification.py:2924: UserWarning: y_pred contains classes not in y_true
  warnings.warn("y_pred contains classes not in y_true")
/mnt/Neuma_Model/24PHD1314/INS-HDGS-CMT/.venv/lib/python3.13/site-packages/sklearn/metrics/_classification.py:2924: UserWarning: y_pred contains classes not in y_true
  warnings.warn("y_pred contains classes not in y_true")
/mnt/Neuma_Model/24PHD1314/INS-HDGS-CMT/.venv/lib/python3.13/site-packages/sklearn/metrics/_classification.py:2924: UserWarning: y_pred contains classes not in y_true
  warnings.warn("y_pred contains classes not in y_true")
/mnt/Neuma_Model/24PHD1314/INS-HDGS-CMT/.venv/lib/python3.13/site-packages/sklearn/metrics/_classification.py:2924: UserWarning: y_pred contains classes not in y_true
  warnings.warn("y_pred contains classes not in y_true")
/mnt/Neuma_Model/24PHD1314/INS-HDGS-CMT/.venv/lib/python3.13/site-packages/sklearn/metrics/_classification.py:2924: UserWarning: y_pred contains classes not in y_true
  warnings.warn("y_pred contains classes not in y_true")
/mnt/Neuma_Model/24PHD1314/INS-HDGS-CMT/.venv/lib/python3.13/site-packages/sklearn/metrics/_classification.py:2924: UserWarning: y_pred contains classes not in y_true
  warnings.warn("y_pred contains classes not in y_true")
/mnt/Neuma_Model/24PHD1314/INS-HDGS-CMT/.venv/lib/python3.13/site-packages/sklearn/metrics/_classification.py:2924: UserWarning: y_pred contains classes not in y_true
  warnings.warn("y_pred contains classes not in y_true")
/mnt/Neuma_Model/24PHD1314/INS-HDGS-CMT/.venv/lib/python3.13/site-packages/sklearn/metrics/_classification.py:2924: UserWarning: y_pred contains classes not in y_true
  warnings.warn("y_pred contains classes not in y_true")
/mnt/Neuma_Model/24PHD1314/INS-HDGS-CMT/.venv/lib/python3.13/site-packages/sklearn/metrics/_classification.py:2924: UserWarning: y_pred contains classes not in y_true
  warnings.warn("y_pred contains classes not in y_true")
/mnt/Neuma_Model/24PHD1314/INS-HDGS-CMT/.venv/lib/python3.13/site-packages/sklearn/metrics/_classification.py:2924: UserWarning: y_pred contains classes not in y_true
  warnings.warn("y_pred contains classes not in y_true")
/mnt/Neuma_Model/24PHD1314/INS-HDGS-CMT/.venv/lib/python3.13/site-packages/sklearn/metrics/_classification.py:2924: UserWarning: y_pred contains classes not in y_true
  warnings.warn("y_pred contains classes not in y_true")
/mnt/Neuma_Model/24PHD1314/INS-HDGS-CMT/.venv/lib/python3.13/site-packages/sklearn/metrics/_classification.py:620: UserWarning: A single label was found in 'y_true' and 'y_pred'. For the confusion matrix to have the correct shape, use the 'labels' parameter to pass all known labels.
  warnings.warn(
/mnt/Neuma_Model/24PHD1314/INS-HDGS-CMT/.venv/lib/python3.13/site-packages/sklearn/metrics/_classification.py:2924: UserWarning: y_pred contains classes not in y_true
  warnings.warn("y_pred contains classes not in y_true")
/mnt/Neuma_Model/24PHD1314/INS-HDGS-CMT/.venv/lib/python3.13/site-packages/sklearn/metrics/_classification.py:2924: UserWarning: y_pred contains classes not in y_true
  warnings.warn("y_pred contains classes not in y_true")
/mnt/Neuma_Model/24PHD1314/INS-HDGS-CMT/.venv/lib/python3.13/site-packages/sklearn/metrics/_classification.py:2924: UserWarning: y_pred contains classes not in y_true
  warnings.warn("y_pred contains classes not in y_true")
/mnt/Neuma_Model/24PHD1314/INS-HDGS-CMT/.venv/lib/python3.13/site-packages/sklearn/metrics/_classification.py:2924: UserWarning: y_pred contains classes not in y_true
  warnings.warn("y_pred contains classes not in y_true")
/mnt/Neuma_Model/24PHD1314/INS-HDGS-CMT/.venv/lib/python3.13/site-packages/sklearn/metrics/_classification.py:2924: UserWarning: y_pred contains classes not in y_true
  warnings.warn("y_pred contains classes not in y_true")
/mnt/Neuma_Model/24PHD1314/INS-HDGS-CMT/.venv/lib/python3.13/site-packages/sklearn/metrics/_classification.py:2924: UserWarning: y_pred contains classes not in y_true
  warnings.warn("y_pred contains classes not in y_true")
/mnt/Neuma_Model/24PHD1314/INS-HDGS-CMT/.venv/lib/python3.13/site-packages/sklearn/metrics/_classification.py:2924: UserWarning: y_pred contains classes not in y_true
  warnings.warn("y_pred contains classes not in y_true")
/mnt/Neuma_Model/24PHD1314/INS-HDGS-CMT/.venv/lib/python3.13/site-packages/sklearn/metrics/_classification.py:2924: UserWarning: y_pred contains classes not in y_true
  warnings.warn("y_pred contains classes not in y_true")
/mnt/Neuma_Model/24PHD1314/INS-HDGS-CMT/.venv/lib/python3.13/site-packages/sklearn/metrics/_classification.py:2924: UserWarning: y_pred contains classes not in y_true
  warnings.warn("y_pred contains classes not in y_true")
/mnt/Neuma_Model/24PHD1314/INS-HDGS-CMT/.venv/lib/python3.13/site-packages/sklearn/metrics/_classification.py:2924: UserWarning: y_pred contains classes not in y_true
  warnings.warn("y_pred contains classes not in y_true")
/mnt/Neuma_Model/24PHD1314/INS-HDGS-CMT/.venv/lib/python3.13/site-packages/sklearn/metrics/_classification.py:2924: UserWarning: y_pred contains classes not in y_true
  warnings.warn("y_pred contains classes not in y_true")
/mnt/Neuma_Model/24PHD1314/INS-HDGS-CMT/.venv/lib/python3.13/site-packages/sklearn/metrics/_classification.py:2924: UserWarning: y_pred contains classes not in y_true
  warnings.warn("y_pred contains classes not in y_true")
/mnt/Neuma_Model/24PHD1314/INS-HDGS-CMT/.venv/lib/python3.13/site-packages/sklearn/metrics/_classification.py:2924: UserWarning: y_pred contains classes not in y_true
  warnings.warn("y_pred contains classes not in y_true")
/mnt/Neuma_Model/24PHD1314/INS-HDGS-CMT/.venv/lib/python3.13/site-packages/sklearn/metrics/_classification.py:2924: UserWarning: y_pred contains classes not in y_true
  warnings.warn("y_pred contains classes not in y_true")
/mnt/Neuma_Model/24PHD1314/INS-HDGS-CMT/.venv/lib/python3.13/site-packages/sklearn/metrics/_classification.py:2924: UserWarning: y_pred contains classes not in y_true
  warnings.warn("y_pred contains classes not in y_true")
/mnt/Neuma_Model/24PHD1314/INS-HDGS-CMT/.venv/lib/python3.13/site-packages/sklearn/metrics/_classification.py:2924: UserWarning: y_pred contains classes not in y_true
  warnings.warn("y_pred contains classes not in y_true")
/mnt/Neuma_Model/24PHD1314/INS-HDGS-CMT/.venv/lib/python3.13/site-packages/sklearn/metrics/_classification.py:2924: UserWarning: y_pred contains classes not in y_true
  warnings.warn("y_pred contains classes not in y_true")
/mnt/Neuma_Model/24PHD1314/INS-HDGS-CMT/.venv/lib/python3.13/site-packages/sklearn/metrics/_classification.py:2924: UserWarning: y_pred contains classes not in y_true
  warnings.warn("y_pred contains classes not in y_true")
/mnt/Neuma_Model/24PHD1314/INS-HDGS-CMT/.venv/lib/python3.13/site-packages/sklearn/metrics/_classification.py:2924: UserWarning: y_pred contains classes not in y_true
  warnings.warn("y_pred contains classes not in y_true")
/mnt/Neuma_Model/24PHD1314/INS-HDGS-CMT/.venv/lib/python3.13/site-packages/sklearn/metrics/_classification.py:2924: UserWarning: y_pred contains classes not in y_true
  warnings.warn("y_pred contains classes not in y_true")
/mnt/Neuma_Model/24PHD1314/INS-HDGS-CMT/.venv/lib/python3.13/site-packages/sklearn/metrics/_classification.py:2924: UserWarning: y_pred contains classes not in y_true
  warnings.warn("y_pred contains classes not in y_true")
/mnt/Neuma_Model/24PHD1314/INS-HDGS-CMT/.venv/lib/python3.13/site-packages/sklearn/metrics/_classification.py:2924: UserWarning: y_pred contains classes not in y_true
  warnings.warn("y_pred contains classes not in y_true")
/mnt/Neuma_Model/24PHD1314/INS-HDGS-CMT/.venv/lib/python3.13/site-packages/sklearn/metrics/_classification.py:2924: UserWarning: y_pred contains classes not in y_true
  warnings.warn("y_pred contains classes not in y_true")
/mnt/Neuma_Model/24PHD1314/INS-HDGS-CMT/.venv/lib/python3.13/site-packages/sklearn/metrics/_classification.py:2924: UserWarning: y_pred contains classes not in y_true
  warnings.warn("y_pred contains classes not in y_true")
/mnt/Neuma_Model/24PHD1314/INS-HDGS-CMT/.venv/lib/python3.13/site-packages/sklearn/metrics/_classification.py:2924: UserWarning: y_pred contains classes not in y_true
  warnings.warn("y_pred contains classes not in y_true")
/mnt/Neuma_Model/24PHD1314/INS-HDGS-CMT/.venv/lib/python3.13/site-packages/sklearn/metrics/_classification.py:2924: UserWarning: y_pred contains classes not in y_true
  warnings.warn("y_pred contains classes not in y_true")
/mnt/Neuma_Model/24PHD1314/INS-HDGS-CMT/.venv/lib/python3.13/site-packages/sklearn/metrics/_classification.py:2924: UserWarning: y_pred contains classes not in y_true
  warnings.warn("y_pred contains classes not in y_true")
/mnt/Neuma_Model/24PHD1314/INS-HDGS-CMT/.venv/lib/python3.13/site-packages/sklearn/metrics/_classification.py:2924: UserWarning: y_pred contains classes not in y_true
  warnings.warn("y_pred contains classes not in y_true")
/mnt/Neuma_Model/24PHD1314/INS-HDGS-CMT/.venv/lib/python3.13/site-packages/sklearn/metrics/_classification.py:2924: UserWarning: y_pred contains classes not in y_true
  warnings.warn("y_pred contains classes not in y_true")
/mnt/Neuma_Model/24PHD1314/INS-HDGS-CMT/.venv/lib/python3.13/site-packages/sklearn/metrics/_classification.py:2924: UserWarning: y_pred contains classes not in y_true
  warnings.warn("y_pred contains classes not in y_true")
/mnt/Neuma_Model/24PHD1314/INS-HDGS-CMT/.venv/lib/python3.13/site-packages/sklearn/metrics/_classification.py:620: UserWarning: A single label was found in 'y_true' and 'y_pred'. For the confusion matrix to have the correct shape, use the 'labels' parameter to pass all known labels.
  warnings.warn(
/mnt/Neuma_Model/24PHD1314/INS-HDGS-CMT/.venv/lib/python3.13/site-packages/sklearn/metrics/_classification.py:2924: UserWarning: y_pred contains classes not in y_true
  warnings.warn("y_pred contains classes not in y_true")
/mnt/Neuma_Model/24PHD1314/INS-HDGS-CMT/.venv/lib/python3.13/site-packages/sklearn/metrics/_classification.py:2924: UserWarning: y_pred contains classes not in y_true
  warnings.warn("y_pred contains classes not in y_true")
/mnt/Neuma_Model/24PHD1314/INS-HDGS-CMT/.venv/lib/python3.13/site-packages/sklearn/metrics/_classification.py:2924: UserWarning: y_pred contains classes not in y_true
  warnings.warn("y_pred contains classes not in y_true")
/mnt/Neuma_Model/24PHD1314/INS-HDGS-CMT/.venv/lib/python3.13/site-packages/sklearn/metrics/_classification.py:2924: UserWarning: y_pred contains classes not in y_true
  warnings.warn("y_pred contains classes not in y_true")
/mnt/Neuma_Model/24PHD1314/INS-HDGS-CMT/.venv/lib/python3.13/site-packages/sklearn/metrics/_classification.py:2924: UserWarning: y_pred contains classes not in y_true
  warnings.warn("y_pred contains classes not in y_true")
/mnt/Neuma_Model/24PHD1314/INS-HDGS-CMT/.venv/lib/python3.13/site-packages/sklearn/metrics/_classification.py:2924: UserWarning: y_pred contains classes not in y_true
  warnings.warn("y_pred contains classes not in y_true")
/mnt/Neuma_Model/24PHD1314/INS-HDGS-CMT/.venv/lib/python3.13/site-packages/sklearn/metrics/_classification.py:2924: UserWarning: y_pred contains classes not in y_true
  warnings.warn("y_pred contains classes not in y_true")
/mnt/Neuma_Model/24PHD1314/INS-HDGS-CMT/.venv/lib/python3.13/site-packages/sklearn/metrics/_classification.py:2924: UserWarning: y_pred contains classes not in y_true
  warnings.warn("y_pred contains classes not in y_true")
/mnt/Neuma_Model/24PHD1314/INS-HDGS-CMT/.venv/lib/python3.13/site-packages/sklearn/metrics/_classification.py:2924: UserWarning: y_pred contains classes not in y_true
  warnings.warn("y_pred contains classes not in y_true")
/mnt/Neuma_Model/24PHD1314/INS-HDGS-CMT/.venv/lib/python3.13/site-packages/sklearn/metrics/_classification.py:2924: UserWarning: y_pred contains classes not in y_true
  warnings.warn("y_pred contains classes not in y_true")
/mnt/Neuma_Model/24PHD1314/INS-HDGS-CMT/.venv/lib/python3.13/site-packages/sklearn/metrics/_classification.py:2924: UserWarning: y_pred contains classes not in y_true
  warnings.warn("y_pred contains classes not in y_true")
/mnt/Neuma_Model/24PHD1314/INS-HDGS-CMT/.venv/lib/python3.13/site-packages/sklearn/metrics/_classification.py:2924: UserWarning: y_pred contains classes not in y_true
  warnings.warn("y_pred contains classes not in y_true")
/mnt/Neuma_Model/24PHD1314/INS-HDGS-CMT/.venv/lib/python3.13/site-packages/sklearn/metrics/_classification.py:2924: UserWarning: y_pred contains classes not in y_true
  warnings.warn("y_pred contains classes not in y_true")
/mnt/Neuma_Model/24PHD1314/INS-HDGS-CMT/.venv/lib/python3.13/site-packages/sklearn/metrics/_classification.py:2924: UserWarning: y_pred contains classes not in y_true
  warnings.warn("y_pred contains classes not in y_true")
/mnt/Neuma_Model/24PHD1314/INS-HDGS-CMT/.venv/lib/python3.13/site-packages/sklearn/metrics/_classification.py:2924: UserWarning: y_pred contains classes not in y_true
  warnings.warn("y_pred contains classes not in y_true")
/mnt/Neuma_Model/24PHD1314/INS-HDGS-CMT/.venv/lib/python3.13/site-packages/sklearn/metrics/_classification.py:2924: UserWarning: y_pred contains classes not in y_true
  warnings.warn("y_pred contains classes not in y_true")
/mnt/Neuma_Model/24PHD1314/INS-HDGS-CMT/.venv/lib/python3.13/site-packages/sklearn/metrics/_classification.py:2924: UserWarning: y_pred contains classes not in y_true
  warnings.warn("y_pred contains classes not in y_true")
/mnt/Neuma_Model/24PHD1314/INS-HDGS-CMT/.venv/lib/python3.13/site-packages/sklearn/metrics/_classification.py:2924: UserWarning: y_pred contains classes not in y_true
  warnings.warn("y_pred contains classes not in y_true")
/mnt/Neuma_Model/24PHD1314/INS-HDGS-CMT/.venv/lib/python3.13/site-packages/sklearn/metrics/_classification.py:2924: UserWarning: y_pred contains classes not in y_true
  warnings.warn("y_pred contains classes not in y_true")
/mnt/Neuma_Model/24PHD1314/INS-HDGS-CMT/.venv/lib/python3.13/site-packages/sklearn/metrics/_classification.py:2924: UserWarning: y_pred contains classes not in y_true
  warnings.warn("y_pred contains classes not in y_true")
/mnt/Neuma_Model/24PHD1314/INS-HDGS-CMT/.venv/lib/python3.13/site-packages/sklearn/metrics/_classification.py:2924: UserWarning: y_pred contains classes not in y_true
  warnings.warn("y_pred contains classes not in y_true")
/mnt/Neuma_Model/24PHD1314/INS-HDGS-CMT/.venv/lib/python3.13/site-packages/sklearn/metrics/_classification.py:2924: UserWarning: y_pred contains classes not in y_true
  warnings.warn("y_pred contains classes not in y_true")
/mnt/Neuma_Model/24PHD1314/INS-HDGS-CMT/.venv/lib/python3.13/site-packages/sklearn/metrics/_classification.py:2924: UserWarning: y_pred contains classes not in y_true
  warnings.warn("y_pred contains classes not in y_true")
/mnt/Neuma_Model/24PHD1314/INS-HDGS-CMT/.venv/lib/python3.13/site-packages/sklearn/metrics/_classification.py:2924: UserWarning: y_pred contains classes not in y_true
  warnings.warn("y_pred contains classes not in y_true")
/mnt/Neuma_Model/24PHD1314/INS-HDGS-CMT/.venv/lib/python3.13/site-packages/sklearn/metrics/_classification.py:2924: UserWarning: y_pred contains classes not in y_true
  warnings.warn("y_pred contains classes not in y_true")
/mnt/Neuma_Model/24PHD1314/INS-HDGS-CMT/.venv/lib/python3.13/site-packages/sklearn/metrics/_classification.py:2924: UserWarning: y_pred contains classes not in y_true
  warnings.warn("y_pred contains classes not in y_true")
/mnt/Neuma_Model/24PHD1314/INS-HDGS-CMT/.venv/lib/python3.13/site-packages/sklearn/metrics/_classification.py:2924: UserWarning: y_pred contains classes not in y_true
  warnings.warn("y_pred contains classes not in y_true")
/mnt/Neuma_Model/24PHD1314/INS-HDGS-CMT/.venv/lib/python3.13/site-packages/sklearn/metrics/_classification.py:2924: UserWarning: y_pred contains classes not in y_true
  warnings.warn("y_pred contains classes not in y_true")
/mnt/Neuma_Model/24PHD1314/INS-HDGS-CMT/.venv/lib/python3.13/site-packages/sklearn/metrics/_classification.py:2924: UserWarning: y_pred contains classes not in y_true
  warnings.warn("y_pred contains classes not in y_true")
/mnt/Neuma_Model/24PHD1314/INS-HDGS-CMT/.venv/lib/python3.13/site-packages/sklearn/metrics/_classification.py:2924: UserWarning: y_pred contains classes not in y_true
  warnings.warn("y_pred contains classes not in y_true")
/mnt/Neuma_Model/24PHD1314/INS-HDGS-CMT/.venv/lib/python3.13/site-packages/sklearn/metrics/_classification.py:2924: UserWarning: y_pred contains classes not in y_true
  warnings.warn("y_pred contains classes not in y_true")
/mnt/Neuma_Model/24PHD1314/INS-HDGS-CMT/.venv/lib/python3.13/site-packages/sklearn/metrics/_classification.py:2924: UserWarning: y_pred contains classes not in y_true
  warnings.warn("y_pred contains classes not in y_true")
/mnt/Neuma_Model/24PHD1314/INS-HDGS-CMT/.venv/lib/python3.13/site-packages/sklearn/metrics/_classification.py:2924: UserWarning: y_pred contains classes not in y_true
  warnings.warn("y_pred contains classes not in y_true")
/mnt/Neuma_Model/24PHD1314/INS-HDGS-CMT/.venv/lib/python3.13/site-packages/sklearn/metrics/_classification.py:2924: UserWarning: y_pred contains classes not in y_true
  warnings.warn("y_pred contains classes not in y_true")
/mnt/Neuma_Model/24PHD1314/INS-HDGS-CMT/.venv/lib/python3.13/site-packages/sklearn/metrics/_classification.py:2924: UserWarning: y_pred contains classes not in y_true
  warnings.warn("y_pred contains classes not in y_true")
/mnt/Neuma_Model/24PHD1314/INS-HDGS-CMT/.venv/lib/python3.13/site-packages/sklearn/metrics/_classification.py:2924: UserWarning: y_pred contains classes not in y_true
  warnings.warn("y_pred contains classes not in y_true")
/mnt/Neuma_Model/24PHD1314/INS-HDGS-CMT/.venv/lib/python3.13/site-packages/sklearn/metrics/_classification.py:2924: UserWarning: y_pred contains classes not in y_true
  warnings.warn("y_pred contains classes not in y_true")
/mnt/Neuma_Model/24PHD1314/INS-HDGS-CMT/.venv/lib/python3.13/site-packages/sklearn/metrics/_classification.py:2924: UserWarning: y_pred contains classes not in y_true
  warnings.warn("y_pred contains classes not in y_true")
/mnt/Neuma_Model/24PHD1314/INS-HDGS-CMT/.venv/lib/python3.13/site-packages/sklearn/metrics/_classification.py:2924: UserWarning: y_pred contains classes not in y_true
  warnings.warn("y_pred contains classes not in y_true")
/mnt/Neuma_Model/24PHD1314/INS-HDGS-CMT/.venv/lib/python3.13/site-packages/sklearn/metrics/_classification.py:2924: UserWarning: y_pred contains classes not in y_true
  warnings.warn("y_pred contains classes not in y_true")
/mnt/Neuma_Model/24PHD1314/INS-HDGS-CMT/.venv/lib/python3.13/site-packages/sklearn/metrics/_classification.py:2924: UserWarning: y_pred contains classes not in y_true
  warnings.warn("y_pred contains classes not in y_true")
/mnt/Neuma_Model/24PHD1314/INS-HDGS-CMT/.venv/lib/python3.13/site-packages/sklearn/metrics/_classification.py:2924: UserWarning: y_pred contains classes not in y_true
  warnings.warn("y_pred contains classes not in y_true")
/mnt/Neuma_Model/24PHD1314/INS-HDGS-CMT/.venv/lib/python3.13/site-packages/sklearn/metrics/_classification.py:2924: UserWarning: y_pred contains classes not in y_true
  warnings.warn("y_pred contains classes not in y_true")
/mnt/Neuma_Model/24PHD1314/INS-HDGS-CMT/.venv/lib/python3.13/site-packages/sklearn/metrics/_classification.py:2924: UserWarning: y_pred contains classes not in y_true
  warnings.warn("y_pred contains classes not in y_true")
/mnt/Neuma_Model/24PHD1314/INS-HDGS-CMT/.venv/lib/python3.13/site-packages/sklearn/metrics/_classification.py:2924: UserWarning: y_pred contains classes not in y_true
  warnings.warn("y_pred contains classes not in y_true")
/mnt/Neuma_Model/24PHD1314/INS-HDGS-CMT/.venv/lib/python3.13/site-packages/sklearn/metrics/_classification.py:2924: UserWarning: y_pred contains classes not in y_true
  warnings.warn("y_pred contains classes not in y_true")
/mnt/Neuma_Model/24PHD1314/INS-HDGS-CMT/.venv/lib/python3.13/site-packages/sklearn/metrics/_classification.py:2924: UserWarning: y_pred contains classes not in y_true
  warnings.warn("y_pred contains classes not in y_true")
/mnt/Neuma_Model/24PHD1314/INS-HDGS-CMT/.venv/lib/python3.13/site-packages/sklearn/metrics/_classification.py:2924: UserWarning: y_pred contains classes not in y_true
  warnings.warn("y_pred contains classes not in y_true")
/mnt/Neuma_Model/24PHD1314/INS-HDGS-CMT/.venv/lib/python3.13/site-packages/sklearn/metrics/_classification.py:2924: UserWarning: y_pred contains classes not in y_true
  warnings.warn("y_pred contains classes not in y_true")
/mnt/Neuma_Model/24PHD1314/INS-HDGS-CMT/.venv/lib/python3.13/site-packages/sklearn/metrics/_classification.py:2924: UserWarning: y_pred contains classes not in y_true
  warnings.warn("y_pred contains classes not in y_true")
/mnt/Neuma_Model/24PHD1314/INS-HDGS-CMT/.venv/lib/python3.13/site-packages/sklearn/metrics/_classification.py:2924: UserWarning: y_pred contains classes not in y_true
  warnings.warn("y_pred contains classes not in y_true")
/mnt/Neuma_Model/24PHD1314/INS-HDGS-CMT/.venv/lib/python3.13/site-packages/sklearn/metrics/_classification.py:2924: UserWarning: y_pred contains classes not in y_true
  warnings.warn("y_pred contains classes not in y_true")
/mnt/Neuma_Model/24PHD1314/INS-HDGS-CMT/.venv/lib/python3.13/site-packages/sklearn/metrics/_classification.py:2924: UserWarning: y_pred contains classes not in y_true
  warnings.warn("y_pred contains classes not in y_true")
/mnt/Neuma_Model/24PHD1314/INS-HDGS-CMT/.venv/lib/python3.13/site-packages/sklearn/metrics/_classification.py:2924: UserWarning: y_pred contains classes not in y_true
  warnings.warn("y_pred contains classes not in y_true")
/mnt/Neuma_Model/24PHD1314/INS-HDGS-CMT/.venv/lib/python3.13/site-packages/sklearn/metrics/_classification.py:2924: UserWarning: y_pred contains classes not in y_true
  warnings.warn("y_pred contains classes not in y_true")
/mnt/Neuma_Model/24PHD1314/INS-HDGS-CMT/.venv/lib/python3.13/site-packages/sklearn/metrics/_classification.py:2924: UserWarning: y_pred contains classes not in y_true
  warnings.warn("y_pred contains classes not in y_true")
/mnt/Neuma_Model/24PHD1314/INS-HDGS-CMT/.venv/lib/python3.13/site-packages/sklearn/metrics/_classification.py:2924: UserWarning: y_pred contains classes not in y_true
  warnings.warn("y_pred contains classes not in y_true")
/mnt/Neuma_Model/24PHD1314/INS-HDGS-CMT/.venv/lib/python3.13/site-packages/sklearn/metrics/_classification.py:2924: UserWarning: y_pred contains classes not in y_true
  warnings.warn("y_pred contains classes not in y_true")
/mnt/Neuma_Model/24PHD1314/INS-HDGS-CMT/.venv/lib/python3.13/site-packages/sklearn/metrics/_classification.py:2924: UserWarning: y_pred contains classes not in y_true
  warnings.warn("y_pred contains classes not in y_true")
/mnt/Neuma_Model/24PHD1314/INS-HDGS-CMT/.venv/lib/python3.13/site-packages/sklearn/metrics/_classification.py:2924: UserWarning: y_pred contains classes not in y_true
  warnings.warn("y_pred contains classes not in y_true")
/mnt/Neuma_Model/24PHD1314/INS-HDGS-CMT/.venv/lib/python3.13/site-packages/sklearn/metrics/_classification.py:2924: UserWarning: y_pred contains classes not in y_true
  warnings.warn("y_pred contains classes not in y_true")
/mnt/Neuma_Model/24PHD1314/INS-HDGS-CMT/.venv/lib/python3.13/site-packages/sklearn/metrics/_classification.py:620: UserWarning: A single label was found in 'y_true' and 'y_pred'. For the confusion matrix to have the correct shape, use the 'labels' parameter to pass all known labels.
  warnings.warn(
/mnt/Neuma_Model/24PHD1314/INS-HDGS-CMT/.venv/lib/python3.13/site-packages/sklearn/metrics/_classification.py:2924: UserWarning: y_pred contains classes not in y_true
  warnings.warn("y_pred contains classes not in y_true")
/mnt/Neuma_Model/24PHD1314/INS-HDGS-CMT/.venv/lib/python3.13/site-packages/sklearn/metrics/_classification.py:2924: UserWarning: y_pred contains classes not in y_true
  warnings.warn("y_pred contains classes not in y_true")
/mnt/Neuma_Model/24PHD1314/INS-HDGS-CMT/.venv/lib/python3.13/site-packages/sklearn/metrics/_classification.py:2924: UserWarning: y_pred contains classes not in y_true
  warnings.warn("y_pred contains classes not in y_true")
/mnt/Neuma_Model/24PHD1314/INS-HDGS-CMT/.venv/lib/python3.13/site-packages/sklearn/metrics/_classification.py:2924: UserWarning: y_pred contains classes not in y_true
  warnings.warn("y_pred contains classes not in y_true")
/mnt/Neuma_Model/24PHD1314/INS-HDGS-CMT/.venv/lib/python3.13/site-packages/sklearn/metrics/_classification.py:2924: UserWarning: y_pred contains classes not in y_true
  warnings.warn("y_pred contains classes not in y_true")
/mnt/Neuma_Model/24PHD1314/INS-HDGS-CMT/.venv/lib/python3.13/site-packages/sklearn/metrics/_classification.py:2924: UserWarning: y_pred contains classes not in y_true
  warnings.warn("y_pred contains classes not in y_true")
/mnt/Neuma_Model/24PHD1314/INS-HDGS-CMT/.venv/lib/python3.13/site-packages/sklearn/metrics/_classification.py:2924: UserWarning: y_pred contains classes not in y_true
  warnings.warn("y_pred contains classes not in y_true")
/mnt/Neuma_Model/24PHD1314/INS-HDGS-CMT/.venv/lib/python3.13/site-packages/sklearn/metrics/_classification.py:2924: UserWarning: y_pred contains classes not in y_true
  warnings.warn("y_pred contains classes not in y_true")
/mnt/Neuma_Model/24PHD1314/INS-HDGS-CMT/.venv/lib/python3.13/site-packages/sklearn/metrics/_classification.py:2924: UserWarning: y_pred contains classes not in y_true
  warnings.warn("y_pred contains classes not in y_true")
/mnt/Neuma_Model/24PHD1314/INS-HDGS-CMT/.venv/lib/python3.13/site-packages/sklearn/metrics/_classification.py:2924: UserWarning: y_pred contains classes not in y_true
  warnings.warn("y_pred contains classes not in y_true")
/mnt/Neuma_Model/24PHD1314/INS-HDGS-CMT/.venv/lib/python3.13/site-packages/sklearn/metrics/_classification.py:2924: UserWarning: y_pred contains classes not in y_true
  warnings.warn("y_pred contains classes not in y_true")
/mnt/Neuma_Model/24PHD1314/INS-HDGS-CMT/.venv/lib/python3.13/site-packages/sklearn/metrics/_classification.py:2924: UserWarning: y_pred contains classes not in y_true
  warnings.warn("y_pred contains classes not in y_true")
/mnt/Neuma_Model/24PHD1314/INS-HDGS-CMT/.venv/lib/python3.13/site-packages/sklearn/metrics/_classification.py:2924: UserWarning: y_pred contains classes not in y_true
  warnings.warn("y_pred contains classes not in y_true")
/mnt/Neuma_Model/24PHD1314/INS-HDGS-CMT/.venv/lib/python3.13/site-packages/sklearn/metrics/_classification.py:2924: UserWarning: y_pred contains classes not in y_true
  warnings.warn("y_pred contains classes not in y_true")
/mnt/Neuma_Model/24PHD1314/INS-HDGS-CMT/.venv/lib/python3.13/site-packages/sklearn/metrics/_classification.py:2924: UserWarning: y_pred contains classes not in y_true
  warnings.warn("y_pred contains classes not in y_true")
/mnt/Neuma_Model/24PHD1314/INS-HDGS-CMT/.venv/lib/python3.13/site-packages/sklearn/metrics/_classification.py:2924: UserWarning: y_pred contains classes not in y_true
  warnings.warn("y_pred contains classes not in y_true")
/mnt/Neuma_Model/24PHD1314/INS-HDGS-CMT/.venv/lib/python3.13/site-packages/sklearn/metrics/_classification.py:2924: UserWarning: y_pred contains classes not in y_true
  warnings.warn("y_pred contains classes not in y_true")
/mnt/Neuma_Model/24PHD1314/INS-HDGS-CMT/.venv/lib/python3.13/site-packages/sklearn/metrics/_classification.py:2924: UserWarning: y_pred contains classes not in y_true
  warnings.warn("y_pred contains classes not in y_true")
/mnt/Neuma_Model/24PHD1314/INS-HDGS-CMT/.venv/lib/python3.13/site-packages/sklearn/metrics/_classification.py:2924: UserWarning: y_pred contains classes not in y_true
  warnings.warn("y_pred contains classes not in y_true")
/mnt/Neuma_Model/24PHD1314/INS-HDGS-CMT/.venv/lib/python3.13/site-packages/sklearn/metrics/_classification.py:2924: UserWarning: y_pred contains classes not in y_true
  warnings.warn("y_pred contains classes not in y_true")
/mnt/Neuma_Model/24PHD1314/INS-HDGS-CMT/.venv/lib/python3.13/site-packages/sklearn/metrics/_classification.py:2924: UserWarning: y_pred contains classes not in y_true
  warnings.warn("y_pred contains classes not in y_true")
/mnt/Neuma_Model/24PHD1314/INS-HDGS-CMT/.venv/lib/python3.13/site-packages/sklearn/metrics/_classification.py:2924: UserWarning: y_pred contains classes not in y_true
  warnings.warn("y_pred contains classes not in y_true")
/mnt/Neuma_Model/24PHD1314/INS-HDGS-CMT/.venv/lib/python3.13/site-packages/sklearn/metrics/_classification.py:2924: UserWarning: y_pred contains classes not in y_true
  warnings.warn("y_pred contains classes not in y_true")
/mnt/Neuma_Model/24PHD1314/INS-HDGS-CMT/.venv/lib/python3.13/site-packages/sklearn/metrics/_classification.py:2924: UserWarning: y_pred contains classes not in y_true
  warnings.warn("y_pred contains classes not in y_true")
/mnt/Neuma_Model/24PHD1314/INS-HDGS-CMT/.venv/lib/python3.13/site-packages/sklearn/metrics/_classification.py:2924: UserWarning: y_pred contains classes not in y_true
  warnings.warn("y_pred contains classes not in y_true")
/mnt/Neuma_Model/24PHD1314/INS-HDGS-CMT/.venv/lib/python3.13/site-packages/sklearn/metrics/_classification.py:2924: UserWarning: y_pred contains classes not in y_true
  warnings.warn("y_pred contains classes not in y_true")
/mnt/Neuma_Model/24PHD1314/INS-HDGS-CMT/.venv/lib/python3.13/site-packages/sklearn/metrics/_classification.py:2924: UserWarning: y_pred contains classes not in y_true
  warnings.warn("y_pred contains classes not in y_true")
/mnt/Neuma_Model/24PHD1314/INS-HDGS-CMT/.venv/lib/python3.13/site-packages/sklearn/metrics/_classification.py:2924: UserWarning: y_pred contains classes not in y_true
  warnings.warn("y_pred contains classes not in y_true")
/mnt/Neuma_Model/24PHD1314/INS-HDGS-CMT/.venv/lib/python3.13/site-packages/sklearn/metrics/_classification.py:2924: UserWarning: y_pred contains classes not in y_true
  warnings.warn("y_pred contains classes not in y_true")
/mnt/Neuma_Model/24PHD1314/INS-HDGS-CMT/.venv/lib/python3.13/site-packages/sklearn/metrics/_classification.py:2924: UserWarning: y_pred contains classes not in y_true
  warnings.warn("y_pred contains classes not in y_true")
/mnt/Neuma_Model/24PHD1314/INS-HDGS-CMT/.venv/lib/python3.13/site-packages/sklearn/metrics/_classification.py:620: UserWarning: A single label was found in 'y_true' and 'y_pred'. For the confusion matrix to have the correct shape, use the 'labels' parameter to pass all known labels.
  warnings.warn(
/mnt/Neuma_Model/24PHD1314/INS-HDGS-CMT/.venv/lib/python3.13/site-packages/sklearn/metrics/_classification.py:620: UserWarning: A single label was found in 'y_true' and 'y_pred'. For the confusion matrix to have the correct shape, use the 'labels' parameter to pass all known labels.
  warnings.warn(
/mnt/Neuma_Model/24PHD1314/INS-HDGS-CMT/.venv/lib/python3.13/site-packages/sklearn/metrics/_classification.py:2924: UserWarning: y_pred contains classes not in y_true
  warnings.warn("y_pred contains classes not in y_true")
/mnt/Neuma_Model/24PHD1314/INS-HDGS-CMT/.venv/lib/python3.13/site-packages/sklearn/metrics/_classification.py:2924: UserWarning: y_pred contains classes not in y_true
  warnings.warn("y_pred contains classes not in y_true")
/mnt/Neuma_Model/24PHD1314/INS-HDGS-CMT/.venv/lib/python3.13/site-packages/sklearn/metrics/_classification.py:2924: UserWarning: y_pred contains classes not in y_true
  warnings.warn("y_pred contains classes not in y_true")
/mnt/Neuma_Model/24PHD1314/INS-HDGS-CMT/.venv/lib/python3.13/site-packages/sklearn/metrics/_classification.py:2924: UserWarning: y_pred contains classes not in y_true
  warnings.warn("y_pred contains classes not in y_true")
/mnt/Neuma_Model/24PHD1314/INS-HDGS-CMT/.venv/lib/python3.13/site-packages/sklearn/metrics/_classification.py:2924: UserWarning: y_pred contains classes not in y_true
  warnings.warn("y_pred contains classes not in y_true")
/mnt/Neuma_Model/24PHD1314/INS-HDGS-CMT/.venv/lib/python3.13/site-packages/sklearn/metrics/_classification.py:2924: UserWarning: y_pred contains classes not in y_true
  warnings.warn("y_pred contains classes not in y_true")
/mnt/Neuma_Model/24PHD1314/INS-HDGS-CMT/.venv/lib/python3.13/site-packages/sklearn/metrics/_classification.py:2924: UserWarning: y_pred contains classes not in y_true
  warnings.warn("y_pred contains classes not in y_true")
/mnt/Neuma_Model/24PHD1314/INS-HDGS-CMT/.venv/lib/python3.13/site-packages/sklearn/metrics/_classification.py:620: UserWarning: A single label was found in 'y_true' and 'y_pred'. For the confusion matrix to have the correct shape, use the 'labels' parameter to pass all known labels.
  warnings.warn(
/mnt/Neuma_Model/24PHD1314/INS-HDGS-CMT/.venv/lib/python3.13/site-packages/sklearn/metrics/_classification.py:2924: UserWarning: y_pred contains classes not in y_true
  warnings.warn("y_pred contains classes not in y_true")
/mnt/Neuma_Model/24PHD1314/INS-HDGS-CMT/.venv/lib/python3.13/site-packages/sklearn/metrics/_classification.py:2924: UserWarning: y_pred contains classes not in y_true
  warnings.warn("y_pred contains classes not in y_true")
/mnt/Neuma_Model/24PHD1314/INS-HDGS-CMT/.venv/lib/python3.13/site-packages/sklearn/metrics/_classification.py:2924: UserWarning: y_pred contains classes not in y_true
  warnings.warn("y_pred contains classes not in y_true")
/mnt/Neuma_Model/24PHD1314/INS-HDGS-CMT/.venv/lib/python3.13/site-packages/sklearn/metrics/_classification.py:2924: UserWarning: y_pred contains classes not in y_true
  warnings.warn("y_pred contains classes not in y_true")
/mnt/Neuma_Model/24PHD1314/INS-HDGS-CMT/.venv/lib/python3.13/site-packages/sklearn/metrics/_classification.py:2924: UserWarning: y_pred contains classes not in y_true
  warnings.warn("y_pred contains classes not in y_true")
/mnt/Neuma_Model/24PHD1314/INS-HDGS-CMT/.venv/lib/python3.13/site-packages/sklearn/metrics/_classification.py:2924: UserWarning: y_pred contains classes not in y_true
  warnings.warn("y_pred contains classes not in y_true")
/mnt/Neuma_Model/24PHD1314/INS-HDGS-CMT/.venv/lib/python3.13/site-packages/sklearn/metrics/_classification.py:2924: UserWarning: y_pred contains classes not in y_true
  warnings.warn("y_pred contains classes not in y_true")
/mnt/Neuma_Model/24PHD1314/INS-HDGS-CMT/.venv/lib/python3.13/site-packages/sklearn/metrics/_classification.py:2924: UserWarning: y_pred contains classes not in y_true
  warnings.warn("y_pred contains classes not in y_true")
/mnt/Neuma_Model/24PHD1314/INS-HDGS-CMT/.venv/lib/python3.13/site-packages/sklearn/metrics/_classification.py:2924: UserWarning: y_pred contains classes not in y_true
  warnings.warn("y_pred contains classes not in y_true")
/mnt/Neuma_Model/24PHD1314/INS-HDGS-CMT/.venv/lib/python3.13/site-packages/sklearn/metrics/_classification.py:2924: UserWarning: y_pred contains classes not in y_true
  warnings.warn("y_pred contains classes not in y_true")
/mnt/Neuma_Model/24PHD1314/INS-HDGS-CMT/.venv/lib/python3.13/site-packages/sklearn/metrics/_classification.py:2924: UserWarning: y_pred contains classes not in y_true
  warnings.warn("y_pred contains classes not in y_true")
/mnt/Neuma_Model/24PHD1314/INS-HDGS-CMT/.venv/lib/python3.13/site-packages/sklearn/metrics/_classification.py:2924: UserWarning: y_pred contains classes not in y_true
  warnings.warn("y_pred contains classes not in y_true")
/mnt/Neuma_Model/24PHD1314/INS-HDGS-CMT/.venv/lib/python3.13/site-packages/sklearn/metrics/_classification.py:2924: UserWarning: y_pred contains classes not in y_true
  warnings.warn("y_pred contains classes not in y_true")
/mnt/Neuma_Model/24PHD1314/INS-HDGS-CMT/.venv/lib/python3.13/site-packages/sklearn/metrics/_classification.py:2924: UserWarning: y_pred contains classes not in y_true
  warnings.warn("y_pred contains classes not in y_true")
/mnt/Neuma_Model/24PHD1314/INS-HDGS-CMT/.venv/lib/python3.13/site-packages/sklearn/metrics/_classification.py:2924: UserWarning: y_pred contains classes not in y_true
  warnings.warn("y_pred contains classes not in y_true")
/mnt/Neuma_Model/24PHD1314/INS-HDGS-CMT/.venv/lib/python3.13/site-packages/sklearn/metrics/_classification.py:2924: UserWarning: y_pred contains classes not in y_true
  warnings.warn("y_pred contains classes not in y_true")
/mnt/Neuma_Model/24PHD1314/INS-HDGS-CMT/.venv/lib/python3.13/site-packages/sklearn/metrics/_classification.py:2924: UserWarning: y_pred contains classes not in y_true
  warnings.warn("y_pred contains classes not in y_true")
/mnt/Neuma_Model/24PHD1314/INS-HDGS-CMT/.venv/lib/python3.13/site-packages/sklearn/metrics/_classification.py:2924: UserWarning: y_pred contains classes not in y_true
  warnings.warn("y_pred contains classes not in y_true")
/mnt/Neuma_Model/24PHD1314/INS-HDGS-CMT/.venv/lib/python3.13/site-packages/sklearn/metrics/_classification.py:2924: UserWarning: y_pred contains classes not in y_true
  warnings.warn("y_pred contains classes not in y_true")
/mnt/Neuma_Model/24PHD1314/INS-HDGS-CMT/.venv/lib/python3.13/site-packages/sklearn/metrics/_classification.py:2924: UserWarning: y_pred contains classes not in y_true
  warnings.warn("y_pred contains classes not in y_true")
/mnt/Neuma_Model/24PHD1314/INS-HDGS-CMT/.venv/lib/python3.13/site-packages/sklearn/metrics/_classification.py:2924: UserWarning: y_pred contains classes not in y_true
  warnings.warn("y_pred contains classes not in y_true")
/mnt/Neuma_Model/24PHD1314/INS-HDGS-CMT/.venv/lib/python3.13/site-packages/sklearn/metrics/_classification.py:2924: UserWarning: y_pred contains classes not in y_true
  warnings.warn("y_pred contains classes not in y_true")
/mnt/Neuma_Model/24PHD1314/INS-HDGS-CMT/.venv/lib/python3.13/site-packages/sklearn/metrics/_classification.py:620: UserWarning: A single label was found in 'y_true' and 'y_pred'. For the confusion matrix to have the correct shape, use the 'labels' parameter to pass all known labels.
  warnings.warn(
/mnt/Neuma_Model/24PHD1314/INS-HDGS-CMT/.venv/lib/python3.13/site-packages/sklearn/metrics/_classification.py:620: UserWarning: A single label was found in 'y_true' and 'y_pred'. For the confusion matrix to have the correct shape, use the 'labels' parameter to pass all known labels.
  warnings.warn(
/mnt/Neuma_Model/24PHD1314/INS-HDGS-CMT/.venv/lib/python3.13/site-packages/sklearn/metrics/_classification.py:2924: UserWarning: y_pred contains classes not in y_true
  warnings.warn("y_pred contains classes not in y_true")
/mnt/Neuma_Model/24PHD1314/INS-HDGS-CMT/.venv/lib/python3.13/site-packages/sklearn/metrics/_classification.py:2924: UserWarning: y_pred contains classes not in y_true
  warnings.warn("y_pred contains classes not in y_true")
/mnt/Neuma_Model/24PHD1314/INS-HDGS-CMT/.venv/lib/python3.13/site-packages/sklearn/metrics/_classification.py:2924: UserWarning: y_pred contains classes not in y_true
  warnings.warn("y_pred contains classes not in y_true")
/mnt/Neuma_Model/24PHD1314/INS-HDGS-CMT/.venv/lib/python3.13/site-packages/sklearn/metrics/_classification.py:2924: UserWarning: y_pred contains classes not in y_true
  warnings.warn("y_pred contains classes not in y_true")
/mnt/Neuma_Model/24PHD1314/INS-HDGS-CMT/.venv/lib/python3.13/site-packages/sklearn/metrics/_classification.py:2924: UserWarning: y_pred contains classes not in y_true
  warnings.warn("y_pred contains classes not in y_true")
/mnt/Neuma_Model/24PHD1314/INS-HDGS-CMT/.venv/lib/python3.13/site-packages/sklearn/metrics/_classification.py:2924: UserWarning: y_pred contains classes not in y_true
  warnings.warn("y_pred contains classes not in y_true")
/mnt/Neuma_Model/24PHD1314/INS-HDGS-CMT/.venv/lib/python3.13/site-packages/sklearn/metrics/_classification.py:2924: UserWarning: y_pred contains classes not in y_true
  warnings.warn("y_pred contains classes not in y_true")
/mnt/Neuma_Model/24PHD1314/INS-HDGS-CMT/.venv/lib/python3.13/site-packages/sklearn/metrics/_classification.py:2924: UserWarning: y_pred contains classes not in y_true
  warnings.warn("y_pred contains classes not in y_true")
/mnt/Neuma_Model/24PHD1314/INS-HDGS-CMT/.venv/lib/python3.13/site-packages/sklearn/metrics/_classification.py:2924: UserWarning: y_pred contains classes not in y_true
  warnings.warn("y_pred contains classes not in y_true")
/mnt/Neuma_Model/24PHD1314/INS-HDGS-CMT/.venv/lib/python3.13/site-packages/sklearn/metrics/_classification.py:2924: UserWarning: y_pred contains classes not in y_true
  warnings.warn("y_pred contains classes not in y_true")
/mnt/Neuma_Model/24PHD1314/INS-HDGS-CMT/.venv/lib/python3.13/site-packages/sklearn/metrics/_classification.py:2924: UserWarning: y_pred contains classes not in y_true
  warnings.warn("y_pred contains classes not in y_true")
/mnt/Neuma_Model/24PHD1314/INS-HDGS-CMT/.venv/lib/python3.13/site-packages/sklearn/metrics/_classification.py:2924: UserWarning: y_pred contains classes not in y_true
  warnings.warn("y_pred contains classes not in y_true")
/mnt/Neuma_Model/24PHD1314/INS-HDGS-CMT/.venv/lib/python3.13/site-packages/sklearn/metrics/_classification.py:2924: UserWarning: y_pred contains classes not in y_true
  warnings.warn("y_pred contains classes not in y_true")
/mnt/Neuma_Model/24PHD1314/INS-HDGS-CMT/.venv/lib/python3.13/site-packages/sklearn/metrics/_classification.py:2924: UserWarning: y_pred contains classes not in y_true
  warnings.warn("y_pred contains classes not in y_true")
/mnt/Neuma_Model/24PHD1314/INS-HDGS-CMT/.venv/lib/python3.13/site-packages/sklearn/metrics/_classification.py:2924: UserWarning: y_pred contains classes not in y_true
  warnings.warn("y_pred contains classes not in y_true")
/mnt/Neuma_Model/24PHD1314/INS-HDGS-CMT/.venv/lib/python3.13/site-packages/sklearn/metrics/_classification.py:2924: UserWarning: y_pred contains classes not in y_true
  warnings.warn("y_pred contains classes not in y_true")
/mnt/Neuma_Model/24PHD1314/INS-HDGS-CMT/.venv/lib/python3.13/site-packages/sklearn/metrics/_classification.py:2924: UserWarning: y_pred contains classes not in y_true
  warnings.warn("y_pred contains classes not in y_true")
/mnt/Neuma_Model/24PHD1314/INS-HDGS-CMT/.venv/lib/python3.13/site-packages/sklearn/metrics/_classification.py:2924: UserWarning: y_pred contains classes not in y_true
  warnings.warn("y_pred contains classes not in y_true")
/mnt/Neuma_Model/24PHD1314/INS-HDGS-CMT/.venv/lib/python3.13/site-packages/sklearn/metrics/_classification.py:2924: UserWarning: y_pred contains classes not in y_true
  warnings.warn("y_pred contains classes not in y_true")
/mnt/Neuma_Model/24PHD1314/INS-HDGS-CMT/.venv/lib/python3.13/site-packages/sklearn/metrics/_classification.py:2924: UserWarning: y_pred contains classes not in y_true
  warnings.warn("y_pred contains classes not in y_true")
/mnt/Neuma_Model/24PHD1314/INS-HDGS-CMT/.venv/lib/python3.13/site-packages/sklearn/metrics/_classification.py:2924: UserWarning: y_pred contains classes not in y_true
  warnings.warn("y_pred contains classes not in y_true")
/mnt/Neuma_Model/24PHD1314/INS-HDGS-CMT/.venv/lib/python3.13/site-packages/sklearn/metrics/_classification.py:2924: UserWarning: y_pred contains classes not in y_true
  warnings.warn("y_pred contains classes not in y_true")
/mnt/Neuma_Model/24PHD1314/INS-HDGS-CMT/.venv/lib/python3.13/site-packages/sklearn/metrics/_classification.py:2924: UserWarning: y_pred contains classes not in y_true
  warnings.warn("y_pred contains classes not in y_true")
/mnt/Neuma_Model/24PHD1314/INS-HDGS-CMT/.venv/lib/python3.13/site-packages/sklearn/metrics/_classification.py:2924: UserWarning: y_pred contains classes not in y_true
  warnings.warn("y_pred contains classes not in y_true")
/mnt/Neuma_Model/24PHD1314/INS-HDGS-CMT/.venv/lib/python3.13/site-packages/sklearn/metrics/_classification.py:2924: UserWarning: y_pred contains classes not in y_true
  warnings.warn("y_pred contains classes not in y_true")
/mnt/Neuma_Model/24PHD1314/INS-HDGS-CMT/.venv/lib/python3.13/site-packages/sklearn/metrics/_classification.py:2924: UserWarning: y_pred contains classes not in y_true
  warnings.warn("y_pred contains classes not in y_true")
/mnt/Neuma_Model/24PHD1314/INS-HDGS-CMT/.venv/lib/python3.13/site-packages/sklearn/metrics/_classification.py:2924: UserWarning: y_pred contains classes not in y_true
  warnings.warn("y_pred contains classes not in y_true")
/mnt/Neuma_Model/24PHD1314/INS-HDGS-CMT/.venv/lib/python3.13/site-packages/sklearn/metrics/_classification.py:2924: UserWarning: y_pred contains classes not in y_true
  warnings.warn("y_pred contains classes not in y_true")
/mnt/Neuma_Model/24PHD1314/INS-HDGS-CMT/.venv/lib/python3.13/site-packages/sklearn/metrics/_classification.py:2924: UserWarning: y_pred contains classes not in y_true
  warnings.warn("y_pred contains classes not in y_true")
/mnt/Neuma_Model/24PHD1314/INS-HDGS-CMT/.venv/lib/python3.13/site-packages/sklearn/metrics/_classification.py:2924: UserWarning: y_pred contains classes not in y_true
  warnings.warn("y_pred contains classes not in y_true")
/mnt/Neuma_Model/24PHD1314/INS-HDGS-CMT/.venv/lib/python3.13/site-packages/sklearn/metrics/_classification.py:620: UserWarning: A single label was found in 'y_true' and 'y_pred'. For the confusion matrix to have the correct shape, use the 'labels' parameter to pass all known labels.
  warnings.warn(
  fold 27  S29 bal=0.528 auc=0.750 mcc=+0.034 | val_bal=1.00 cfg={'lr': 0.001, 'wd': 0.0001, 'batch_size': 32, 'drop': None} ep=1
  fold 28  S30: fold-wise label changed 2/385 epochs (train 2, val 0, test 0)
  fold 28  S30 bal=0.955 auc=0.909 mcc=+0.778 | val_bal=0.75 cfg={'lr': 0.003, 'wd': 1e-05, 'batch_size': 16, 'drop': 0.4} ep=1
[baseline] et_lstm: bal=0.790 auc=0.888 mcc=0.564 (14 folds, 4801s)
 balanced_acc       f1  roc_auc      mcc  accuracy      ece  balanced_acc_cal  mcc_cal  accuracy_cal   model  n_folds  seconds regime
     0.789766 0.758017 0.887512 0.564082  0.823907 0.290603          0.789766 0.564082      0.823907 et_lstm       14   4801.1  tuned
